frequency,attack-angle,chord-length,free-stream-velocity,suction-side-displacement-thickness,scaled-sound-pressure,frequency_standardized,attack-angle_standardized,chord-length_standardized,free-stream-velocity_standardized,suction-side-displacement-thickness_standardized,target_standardized
2500,17.4,0.0254,39.6,0.0172206,124.154,-0.13997205803341134,1.8346946967582602,-1.207457809164193,-0.751624028451298,0.47822219664756654,-0.10638131362016437
2500,6.7,0.1016,71.3,0.00478288,131.458,-0.13997205803341134,0.007693388827327192,-0.3945873215954658,1.2812928680438007,-0.4757791277952415,0.9511774257725308
4000,0.0,0.1016,39.6,0.00146332,127.801,0.31759321288290265,-1.1363167759518555,-0.3945873215954658,-0.751624028451298,-0.7303969063404545,0.42167409746488005
630,2.7,0.1524,39.6,0.00294804,125.809,-0.7104034291090828,-0.6752977543244236,0.1473263367836859,-0.751624028451298,-0.6165155159870196,0.13324898672141713
16000,0.0,0.2286,71.3,0.00214345,114.984,3.978115380213415,-1.1363167759518555,0.960196824352413,1.2812928680438007,-0.6782293932598187,-1.4341214067514643
630,15.4,0.0508,39.6,0.0282593,127.443,-0.7104034291090828,1.4931991251823855,-0.9365009799746172,-0.751624028451298,1.3249155150473075,0.36983866089552225
4000,12.3,0.1016,55.5,0.0368233,114.404,0.31759321288290265,0.9638809892397785,-0.3945873215954658,0.2680409133238462,1.9817937324801016,-1.518100605662713
400,12.6,0.1524,39.6,0.0584113,115.91,-0.780563437316251,1.0151053249761597,0.1473263367836859,-0.751624028451298,3.637642279647214,-1.300044271937987
5000,0.0,0.1524,39.6,0.00193287,123.453,0.622636726827112,-1.1363167759518555,0.1473263367836859,-0.751624028451298,-0.6943813567146293,-0.20788031092496614
4000,12.3,0.1016,39.6,0.0408268,110.905,0.31759321288290265,0.9638809892397785,-0.3945873215954658,-0.751624028451298,2.2888712597444862,-2.024726841853161
8000,0.0,0.3048,71.3,0.00266337,117.151,1.53776726865974,-1.1363167759518555,1.7730673119211406,1.2812928680438007,-0.6383503504284714,-1.1203577446123663
1000,3.0,0.3048,31.7,0.00529514,126.838,-0.5975373289497253,-0.6240734185880423,1.7730673119211406,-1.2582500058112756,-0.43648762433165866,0.28223966892775326
1250,6.7,0.1016,31.7,0.00592927,129.256,-0.521276450463673,0.007693388827327192,-0.3945873215954658,-1.2582500058112756,-0.38784841554830307,0.6323460533543063
4000,2.0,0.2286,39.6,0.00346574,120.227,0.31759321288290265,-0.7948212043759801,0.960196824352413,-0.751624028451298,-0.5768067521891497,-0.6749784069382236
6300,2.0,0.2286,31.7,0.00372371,115.137,1.019193294954584,-0.7948212043759801,0.960196824352413,-1.2582500058112756,-0.5570198682854671,-1.411968273245565
1600,15.6,0.1016,39.6,0.0528487,114.554,-0.4145112205831998,1.527348682339973,-0.3945873215954658,-0.751624028451298,3.210978247385227,-1.4963818473235961
1250,2.0,0.2286,31.7,0.00372371,128.677,-0.521276450463673,-0.7948212043759801,0.960196824352413,-1.2582500058112756,-0.5570198682854671,0.5485116461653169
8000,5.4,0.1524,55.5,0.00433288,114.927,1.53776726865974,-0.2142787326969918,0.1473263367836859,0.2680409133238462,-0.5102951480947228,-1.4423745349203265
1000,7.2,0.1524,71.3,0.00752039,134.273,-0.5975373289497253,0.09306728172129605,0.1473263367836859,1.2812928680438007,-0.265805903950724,1.35876612393661
2500,22.2,0.0254,71.3,0.0214178,126.097,-0.13997205803341134,2.6542840685403615,-1.207457809164193,1.2812928680438007,0.8001569530941947,0.17494900273251962
800,15.4,0.0508,55.5,0.0271925,130.43,-0.6585460317385673,1.4931991251823855,-0.9365009799746172,0.2680409133238462,1.2430895362573375,0.8023315352884561
6300,15.4,0.0508,55.5,0.0271925,112.93,1.019193294954584,1.4931991251823855,-0.9365009799746172,0.2680409133238462,1.2430895362573375,-1.7315236042750928
500,3.0,0.3048,39.6,0.00495741,127.632,-0.75005908592183,-0.6240734185880423,1.7730673119211406,-0.751624028451298,-0.46239228107775604,0.39720429640280963
315,5.4,0.1524,31.7,0.00525474,125.741,-0.8064921360015088,-0.2142787326969918,0.1473263367836859,-1.2582500058112756,-0.4395863959318788,0.1234031496076848
400,4.0,0.2286,39.6,0.00473801,123.879,-0.780563437316251,-0.4533256328001047,0.960196824352413,-0.751624028451298,-0.47922075853043644,-0.14619903724187605
2000,4.0,0.2286,55.5,0.0042862,124.254,-0.292493815005516,-0.4533256328001047,0.960196824352413,0.2680409133238462,-0.5138756099337889,-0.09190214139408572
800,8.9,0.1016,71.3,0.0103088,137.813,-0.6585460317385673,0.3833385175607902,-0.3945873215954658,1.2812928680438007,-0.051928534698998594,1.8713288207397496
10000,0.0,0.1524,55.5,0.00172668,119.253,2.1478542965481586,-1.1363167759518555,0.1473263367836859,0.2680409133238462,-0.7101965972158516,-0.8160055444202183
4000,9.5,0.0254,31.7,0.00461377,126.736,0.31759321288290265,0.4857871890335528,-1.207457809164193,-1.2582500058112756,-0.48875024822378654,0.26747091325715583
2000,3.0,0.3048,39.6,0.00495741,120.532,-0.292493815005516,-0.6240734185880423,1.7730673119211406,-0.751624028451298,-0.46239228107775604,-0.6308169316486886
500,12.3,0.1016,39.6,0.0408268,122.205,-0.75005908592183,0.9638809892397785,-0.3945873215954658,-0.751624028451298,2.2888712597444862,-0.38858038030641306
1600,17.4,0.0254,39.6,0.0172206,127.614,-0.4145112205831998,1.8346946967582602,-1.207457809164193,-0.751624028451298,0.47822219664756654,0.39459804540211557
6300,3.3,0.1016,71.3,0.00202822,124.904,1.019193294954584,-0.5728490828516611,-0.3945873215954658,1.2812928680438007,-0.6870677955245058,0.0022124780754162964
4000,7.3,0.2286,39.6,0.0123481,114.079,0.31759321288290265,0.11014206030008976,0.960196824352413,-0.751624028451298,0.10449039907151718,-1.565157915397465
16000,0.0,0.0254,31.7,0.000439472,125.627,3.978115380213415,-1.1363167759518555,-1.207457809164193,-1.2582500058112756,-0.8089283693439729,0.10689689326995591
6300,9.9,0.1524,55.5,0.0208438,110.555,1.019193294954584,0.5540863033487279,0.1473263367836859,0.2680409133238462,0.7561298516455229,-2.0754039446444317
2500,0.0,0.1016,71.3,0.00121072,132.595,-0.13997205803341134,-1.1363167759518555,-0.3945873215954658,1.2812928680438007,-0.7497718990685633,1.1158056139830312
1250,9.9,0.1524,39.6,0.0233328,120.555,-0.521276450463673,0.5540863033487279,0.1473263367836859,-0.751624028451298,0.9470417950353204,-0.6274867220366893
400,4.0,0.3048,71.3,0.00497773,129.575,-0.780563437316251,-0.4533256328001047,1.7730673119211406,1.2812928680438007,-0.46083369100556615,0.6785346127554915
2500,17.4,0.0254,31.7,0.0176631,124.166,-0.13997205803341134,1.8346946967582602,-1.207457809164193,-1.2582500058112756,0.5121629499420566,-0.10464381295303501
1000,3.3,0.1016,71.3,0.00202822,131.434,-0.5975373289497253,-0.5728490828516611,-0.3945873215954658,1.2812928680438007,-0.6870677955245058,0.9477024244382721
3150,5.4,0.1524,39.6,0.00485029,119.137,0.058306226030324725,-0.2142787326969918,0.1473263367836859,-0.751624028451298,-0.4706086279543792,-0.8328013842024681
1250,4.0,0.2286,31.7,0.00509068,128.119,-0.521276450463673,-0.4533256328001047,0.960196824352413,-1.2582500058112756,-0.4521701699103963,0.4677178651438059
1250,0.0,0.0508,71.3,0.000740478,128.56,-0.521276450463673,-1.1363167759518555,-0.9365009799746172,1.2812928680438007,-0.7858405266633827,0.5315710146608077
2000,3.3,0.1016,71.3,0.00202822,134.034,-0.292493815005516,-0.5728490828516611,-0.3945873215954658,1.2812928680438007,-0.6870677955245058,1.3241609023162844
500,11.2,0.0508,71.3,0.014072,130.311,-0.75005908592183,0.7760584248730468,-0.9365009799746172,1.2812928680438007,0.23671743772546305,0.785101320339424
10000,4.8,0.0254,55.5,0.000873218,126.944,2.1478542965481586,-0.31672740416975453,-1.207457809164193,0.2680409133238462,-0.775659067697709,0.2975875914873966
2000,7.2,0.1524,39.6,0.00909175,120.228,-0.292493815005516,0.09306728172129605,0.1473263367836859,-0.751624028451298,-0.14527902915562893,-0.6748336152159643
630,6.7,0.1016,31.7,0.00592927,132.116,-0.7104034291090828,0.007693388827327192,-0.3945873215954658,-1.2582500058112756,-0.38784841554830307,1.0464503790201225
6300,0.0,0.2286,71.3,0.00214345,122.044,1.019193294954584,-1.1363167759518555,0.960196824352413,1.2812928680438007,-0.6782293932598187,-0.4118918475903979
1250,0.0,0.1016,71.3,0.00121072,130.335,-0.521276450463673,-1.1363167759518555,-0.3945873215954658,1.2812928680438007,-0.7497718990685633,0.7885763216736827
1250,2.7,0.1524,71.3,0.00243851,130.144,-0.521276450463673,-0.6752977543244236,0.1473263367836859,1.2812928680438007,-0.6555976222607856,0.7609211027218745
200,7.3,0.2286,31.7,0.0132672,128.679,-0.8415721401050928,0.11014206030008976,0.960196824352413,-1.2582500058112756,0.1749874529765242,0.5488012296098398
1250,17.4,0.0254,71.3,0.016104,126.356,-0.521276450463673,1.8346946967582602,-1.207457809164193,1.2812928680438007,0.3925764449444539,0.2124500587980602
1250,11.2,0.0508,71.3,0.014072,136.191,-0.521276450463673,0.7760584248730468,-0.9365009799746172,1.2812928680438007,0.23671743772546305,1.6364766472327759
12500,1.5,0.3048,39.6,0.00392107,106.111,2.910463081408682,-0.8801950972699489,1.7730673119211406,-0.751624028451298,-0.541881908804788,-2.7188583583713126
10000,0.0,0.0254,71.3,0.000400682,130.787,2.1478542965481586,-1.1363167759518555,-1.207457809164193,1.2812928680438007,-0.8119036502937883,0.8540221801355524
1600,22.2,0.0254,71.3,0.0214178,131.817,-0.4145112205831998,2.6542840685403615,-1.207457809164193,1.2812928680438007,0.8001569530941947,1.00315765406415
250,4.0,0.3048,71.3,0.00497773,126.395,-0.8263199644078824,-0.4533256328001047,1.7730673119211406,1.2812928680438007,-0.46083369100556615,0.21809693596623062
4000,7.3,0.2286,55.5,0.0111706,117.284,0.31759321288290265,0.11014206030008976,0.960196824352413,0.2680409133238462,0.014173479287874517,-1.101100445551682
500,7.3,0.2286,55.5,0.0111706,133.174,-0.75005908592183,0.11014206030008976,0.960196824352413,0.2680409133238462,0.014173479287874517,1.1996400211720206
5000,9.9,0.1524,71.3,0.0193001,114.569,0.622636726827112,0.5540863033487279,0.1473263367836859,1.2812928680438007,0.637724561564836,-1.4942099714896844
4000,0.0,0.1524,55.5,0.00172668,127.233,0.31759321288290265,-1.1363167759518555,0.1473263367836859,0.2680409133238462,-0.7101965972158516,0.3394323992207606
1250,9.5,0.0254,55.5,0.0043284,132.202,-0.521276450463673,0.4857871890335528,-1.207457809164193,0.2680409133238462,-0.5106387742523709,1.0589024671345468
630,9.9,0.1524,55.5,0.0208438,127.315,-0.7104034291090828,0.5540863033487279,0.1473263367836859,0.2680409133238462,0.7561298516455229,0.35130532044614315
800,19.7,0.0508,71.3,0.0341183,124.555,-0.6585460317385673,2.227414604070517,-0.9365009799746172,1.2812928680438007,1.774314099346553,-0.048319832993592396
1600,7.3,0.2286,31.7,0.0132672,119.039,-0.4145112205831998,0.11014206030008976,0.960196824352413,-1.2582500058112756,0.1749874529765242,-0.8469909729840238
630,4.0,0.3048,39.6,0.00579636,131.073,-0.7104034291090828,-0.4533256328001047,1.7730673119211406,-0.751624028451298,-0.39804291389942315,0.895432612702134
200,7.3,0.2286,71.3,0.0104404,138.758,-0.8415721401050928,0.11014206030008976,0.960196824352413,1.2812928680438007,-0.041834516318083576,2.0081569982761844
8000,0.0,0.1016,31.7,0.00150092,120.193,1.53776726865974,-1.1363167759518555,-0.3945873215954658,-1.2582500058112756,-0.7275129010887647,-0.6799013254950909
3150,3.3,0.1016,31.7,0.00251435,128.252,0.058306226030324725,-0.5728490828516611,-0.3945873215954658,-1.2582500058112756,-0.6497805223063129,0.48697516420449033
1600,0.0,0.1016,71.3,0.00121072,131.725,-0.4145112205831998,-1.1363167759518555,-0.3945873215954658,1.2812928680438007,-0.7497718990685633,0.989836815616157
4000,7.2,0.1524,71.3,0.00752039,119.343,0.31759321288290265,0.09306728172129605,0.1473263367836859,1.2812928680438007,-0.265805903950724,-0.8029742894167481
1000,0.0,0.0508,39.6,0.000791822,127.638,-0.5975373289497253,-1.1363167759518555,-0.9365009799746172,-0.751624028451298,-0.7819023254494792,0.3980730467363743
1000,9.9,0.1524,39.6,0.0233328,123.835,-0.5975373289497253,0.5540863033487279,0.1473263367836859,-0.751624028451298,0.9470417950353204,-0.15256987302135172
1250,6.7,0.1016,39.6,0.00578076,132.395,-0.521276450463673,0.007693388827327192,-0.3945873215954658,-0.751624028451298,-0.3992394692698052,1.086847269530878
3150,9.5,0.0254,39.6,0.00449821,129.934,0.058306226030324725,0.4857871890335528,-1.207457809164193,-0.751624028451298,-0.4976139622366933,0.7305148410471108
3150,6.7,0.1016,71.3,0.00478288,124.458,0.058306226030324725,0.007693388827327192,-0.3945873215954658,1.2812928680438007,-0.4757791277952415,-0.06236463005288871
315,15.6,0.1016,39.6,0.0528487,122.754,-0.8064921360015088,1.527348682339973,-0.3945873215954658,-0.751624028451298,3.210978247385227,-0.30908972478524704
2500,2.0,0.2286,31.7,0.00372371,121.407,-0.13997205803341134,-0.7948212043759801,0.960196824352413,-1.2582500058112756,-0.5570198682854671,-0.5041241746705112
2000,5.4,0.1524,71.3,0.00401199,131.111,-0.292493815005516,-0.2142787326969918,0.1473263367836859,1.2812928680438007,-0.5349081386589462,0.900934698148041
250,17.4,0.0254,39.6,0.0172206,114.714,-0.8263199644078824,1.8346946967582602,-1.207457809164193,-0.751624028451298,0.47822219664756654,-1.4732151717618727
2000,1.5,0.3048,39.6,0.00392107,122.101,-0.292493815005516,-0.8801950972699489,1.7730673119211406,-0.751624028451298,-0.541881908804788,-0.40363871942153345
20000,0.0,0.0254,55.5,0.00041229,121.933,5.198289435990252,-1.1363167759518555,-1.207457809164193,0.2680409133238462,-0.8110132903745964,-0.42796372876134237
315,17.4,0.0254,39.6,0.0172206,115.144,-0.8064921360015088,1.8346946967582602,-1.207457809164193,-0.751624028451298,0.47822219664756654,-1.4109547311897388
630,9.9,0.1524,71.3,0.0193001,129.889,-0.7104034291090828,0.5540863033487279,0.1473263367836859,1.2812928680438007,0.637724561564836,0.7239992135453778
1250,3.3,0.1016,39.6,0.00245138,133.211,-0.521276450463673,-0.5728490828516611,-0.3945873215954658,-0.751624028451298,-0.6546104640802204,1.20499731489567
6300,12.3,0.1016,55.5,0.0368233,110.124,1.019193294954584,0.9638809892397785,-0.3945873215954658,0.2680409133238462,1.9817937324801016,-2.137809176938827
1000,12.6,0.1524,71.3,0.0483159,122.044,-0.5975373289497253,1.0151053249761597,0.1473263367836859,1.2812928680438007,2.8633022100219194,-0.4118918475903979
200,19.7,0.0508,39.6,0.036484,125.974,-0.8415721401050928,2.227414604070517,-0.9365009799746172,-0.751624028451298,1.9557686531742928,0.15713962089444578
1000,2.0,0.2286,31.7,0.00372371,130.307,-0.5975373289497253,-0.7948212043759801,0.960196824352413,-1.2582500058112756,-0.5570198682854671,0.7845221534503782
3150,12.3,0.1016,71.3,0.0337792,120.798,0.058306226030324725,0.9638809892397785,-0.3945873215954658,1.2812928680438007,1.748304360494211,-0.5923023335273219
500,7.2,0.1524,71.3,0.00752039,132.043,-0.75005908592183,0.09306728172129605,0.1473263367836859,1.2812928680438007,-0.265805903950724,1.0358805832950848
500,4.0,0.2286,31.7,0.00509068,128.939,-0.75005908592183,-0.4533256328001047,0.960196824352413,-1.2582500058112756,-0.4521701699103963,0.5864470773976398
500,5.4,0.1524,39.6,0.00485029,129.937,-0.75005908592183,-0.2142787326969918,0.1473263367836859,-0.751624028451298,-0.4706086279543792,0.7309492162138952
800,12.3,0.1016,71.3,0.0337792,127.318,-0.6585460317385673,0.9638809892397785,-0.3945873215954658,1.2812928680438007,1.748304360494211,0.3517396956129255
250,12.6,0.1524,71.3,0.0483159,129.744,-0.8263199644078824,1.0151053249761597,0.1473263367836859,1.2812928680438007,2.8633022100219194,0.7030044138175641
1250,19.7,0.0508,71.3,0.0341183,121.485,-0.521276450463673,2.227414604070517,-0.9365009799746172,1.2812928680438007,1.774314099346553,-0.49283042033417035
1250,7.2,0.1524,71.3,0.00752039,132.513,-0.521276450463673,0.09306728172129605,0.1473263367836859,1.2812928680438007,-0.265805903950724,1.1039326927576487
2000,0.0,0.1524,71.3,0.0015988,128.647,-0.292493815005516,-1.1363167759518555,0.1473263367836859,1.2812928680438007,-0.7200052831622907,0.5441678944974935
250,5.3,0.2286,39.6,0.00614329,127.011,-0.8263199644078824,-0.23135351127578566,0.960196824352413,-0.751624028451298,-0.3714325962938698,0.3072886368788675
630,4.0,0.2286,39.6,0.00473801,129.579,-0.7104034291090828,-0.4533256328001047,0.960196824352413,-0.751624028451298,-0.47922075853043644,0.6791137796445375
400,8.9,0.1016,71.3,0.0103088,138.123,-0.780563437316251,0.3833385175607902,-0.3945873215954658,1.2812928680438007,-0.051928534698998594,1.9162142546405898
3150,3.3,0.1016,39.6,0.00245138,128.401,0.058306226030324725,-0.5728490828516611,-0.3945873215954658,-0.751624028451298,-0.6546104640802204,0.5085491308213458
800,12.6,0.1524,39.6,0.0584113,116.56,-0.6585460317385673,1.0151053249761597,0.1473263367836859,-0.751624028451298,3.637642279647214,-1.205929652468483
6300,8.9,0.1016,71.3,0.0103088,117.253,1.019193294954584,0.3833385175607902,-0.3945873215954658,1.2812928680438007,-0.051928534698998594,-1.1055889889417667
4000,12.7,0.0254,39.6,0.0130253,126.537,0.31759321288290265,1.0321801035549534,-1.207457809164193,-0.751624028451298,0.15643317450886976,0.23865736052726202
6300,4.0,0.2286,55.5,0.0042862,117.154,1.019193294954584,-0.4533256328001047,0.960196824352413,0.2680409133238462,-0.5138756099337889,-1.119923369445584
630,4.0,0.2286,55.5,0.0042862,129.964,-0.7104034291090828,-0.4533256328001047,0.960196824352413,0.2680409133238462,-0.5138756099337889,0.7348585927149341
1600,17.4,0.0254,71.3,0.016104,126.406,-0.4145112205831998,1.8346946967582602,-1.207457809164193,1.2812928680438007,0.3925764449444539,0.21968964491110057
1250,9.5,0.0254,39.6,0.00449821,130.964,-0.521276450463673,0.4857871890335528,-1.207457809164193,-0.751624028451298,-0.4976139622366933,0.8796503149757084
12500,0.0,0.3048,71.3,0.00266337,112.241,2.910463081408682,-1.1363167759518555,1.7730673119211406,1.2812928680438007,-0.6383503504284714,-1.8312851009127673
8000,4.0,0.3048,71.3,0.00497773,113.665,1.53776726865974,-0.4533256328001047,1.7730673119211406,1.2812928680438007,-0.46083369100556615,-1.6251016884134237
630,2.0,0.2286,55.5,0.00313525,126.842,-0.7104034291090828,-0.7948212043759801,0.960196824352413,0.2680409133238462,-0.6021560845197621,0.28281883581679707
1250,8.4,0.0508,39.6,0.00566229,131.205,-0.521276450463673,0.29796462466682133,-0.9365009799746172,-0.751624028451298,-0.4083263868806486,0.914545120040557
2000,11.2,0.0508,39.6,0.0150478,124.42,-0.292493815005516,0.7760584248730468,-0.9365009799746172,-0.751624028451298,0.31156351018820483,-0.06786671549879765
4000,8.4,0.0508,55.5,0.00544854,122.612,0.31759321288290265,0.29796462466682133,-0.9365009799746172,0.2680409133238462,-0.4247214965229022,-0.32965014934627845
4000,3.0,0.3048,39.6,0.00495741,116.792,0.31759321288290265,-0.6240734185880423,1.7730673119211406,-0.751624028451298,-0.46239228107775604,-1.1723379729039833
2500,5.4,0.1524,71.3,0.00401199,127.591,-0.13997205803341134,-0.2142787326969918,0.1473263367836859,1.2812928680438007,-0.5349081386589462,0.39126783579011626
500,7.2,0.1524,39.6,0.00909175,132.658,-0.75005908592183,0.09306728172129605,0.1473263367836859,-0.751624028451298,-0.14527902915562893,1.1249274924854582
1250,12.7,0.0254,39.6,0.0130253,130.777,-0.521276450463673,1.0321801035549534,-1.207457809164193,-0.751624028451298,0.15643317450886976,0.8525742629129419
4000,4.2,0.0508,71.3,0.00142788,133.598,0.31759321288290265,-0.4191760756425171,-0.9365009799746172,1.2812928680438007,-0.7331152346947071,1.2610317114105898
1000,5.4,0.1524,55.5,0.00433288,132.127,-0.5975373289497253,-0.2142787326969918,0.1473263367836859,0.2680409133238462,-0.5102951480947228,1.0480430879649905
5000,3.0,0.3048,39.6,0.00495741,115.792,0.622636726827112,-0.6240734185880423,1.7730673119211406,-0.751624028451298,-0.46239228107775604,-1.3171296951647578
2500,3.3,0.1016,55.5,0.002211,132.889,-0.13997205803341134,-0.5728490828516611,-0.3945873215954658,0.2680409133238462,-0.6730481551015299,1.1583743803277005
3150,22.2,0.0254,39.6,0.0229028,120.856,0.058306226030324725,2.6542840685403615,-1.207457809164193,-0.751624028451298,0.9140598200824828,-0.583904413636198
2500,0.0,0.2286,39.6,0.00253511,125.025,-0.13997205803341134,-1.1363167759518555,0.960196824352413,-0.751624028451298,-0.6481881832364969,0.019732276468971327
2000,5.4,0.1524,31.7,0.00525474,122.771,-0.292493815005516,-0.2142787326969918,0.1473263367836859,-1.2582500058112756,-0.4395863959318788,-0.3066282655068145
400,7.3,0.2286,55.5,0.0111706,135.924,-0.780563437316251,0.11014206030008976,0.960196824352413,0.2680409133238462,0.014173479287874517,1.5978172573891498
3150,4.0,0.2286,55.5,0.0042862,122.394,0.058306226030324725,-0.4533256328001047,0.960196824352413,0.2680409133238462,-0.5138756099337889,-0.3612147447991257
500,4.0,0.2286,71.3,0.00400603,126.758,-0.75005908592183,-0.4533256328001047,0.960196824352413,1.2812928680438007,-0.5353652841722459,0.2706563311468916
400,15.4,0.0508,55.5,0.0271925,126.5,-0.780563437316251,1.4931991251823855,-0.9365009799746172,0.2680409133238462,1.2430895362573375,0.23330006680361248
2000,6.7,0.1016,55.5,0.0052139,129.653,-0.292493815005516,0.007693388827327192,-0.3945873215954658,0.2680409133238462,-0.44271891652972506,0.6898283670918324
4000,9.9,0.1524,39.6,0.0233328,112.265,0.31759321288290265,0.5540863033487279,0.1473263367836859,-0.751624028451298,0.9470417950353204,-1.8278100995785085
200,8.9,0.1016,39.6,0.0124596,133.42,-0.8415721401050928,0.3833385175607902,-0.3945873215954658,-0.751624028451298,0.1130427018790552,1.2352587848481682
5000,3.3,0.1016,55.5,0.002211,124.839,0.622636726827112,-0.5728490828516611,-0.3945873215954658,0.2680409133238462,-0.6730481551015299,-0.0071989838715336985
630,17.4,0.0254,55.5,0.0165706,122.411,-0.7104034291090828,1.8346946967582602,-1.207457809164193,0.2680409133238462,0.42836572288164937,-0.35875328552069313
1000,5.4,0.1524,39.6,0.00485029,130.507,-0.5975373289497253,-0.2142787326969918,0.1473263367836859,-0.751624028451298,-0.4706086279543792,0.8134804979025355
1600,0.0,0.1524,31.7,0.00209405,130.817,-0.4145112205831998,-1.1363167759518555,0.1473263367836859,-1.2582500058112756,-0.6820184852660284,0.8583659318033758
800,0.0,0.0508,31.7,0.000812164,122.79,-0.6585460317385673,-1.1363167759518555,-0.9365009799746172,-1.2582500058112756,-0.7803420479274079,-0.303877222783859
1600,0.0,0.3048,71.3,0.00266337,127.591,-0.4145112205831998,-1.1363167759518555,1.7730673119211406,1.2812928680438007,-0.6383503504284714,0.39126783579011626
1000,8.4,0.0508,31.7,0.00580776,129.516,-0.5975373289497253,0.29796462466682133,-0.9365009799746172,-1.2582500058112756,-0.3971685080518363,0.6699919011421063
16000,0.0,0.1524,71.3,0.0015988,113.297,3.978115380213415,-1.1363167759518555,0.1473263367836859,1.2812928680438007,-0.7200052831622907,-1.67838504220539
1250,4.0,0.2286,55.5,0.0042862,131.264,-0.521276450463673,-0.4533256328001047,0.960196824352413,0.2680409133238462,-0.5138756099337889,0.9230878316539424
2500,0.0,0.3048,71.3,0.00266337,125.571,-0.13997205803341134,-1.1363167759518555,1.7730673119211406,1.2812928680438007,-0.6383503504284714,0.09878855682335293
8000,0.0,0.0254,55.5,0.00041229,136.163,1.53776726865974,-1.1363167759518555,-1.207457809164193,0.2680409133238462,-0.8110132903745964,1.6324224790094755
1600,5.4,0.1524,71.3,0.00401199,133.241,-0.4145112205831998,-0.2142787326969918,0.1473263367836859,1.2812928680438007,-0.5349081386589462,1.2093410665634936
4000,15.4,0.0508,39.6,0.0282593,118.113,0.31759321288290265,1.4931991251823855,-0.9365009799746172,-0.751624028451298,1.3249155150473075,-0.981068107797501
2000,0.0,0.3048,39.6,0.00310138,123.689,-0.292493815005516,-1.1363167759518555,1.7730673119211406,-0.751624028451298,-0.604753990314303,-0.17370946447142488
500,5.4,0.1524,71.3,0.00401199,126.291,-0.75005908592183,-0.2142787326969918,0.1473263367836859,1.2812928680438007,-0.5349081386589462,0.2030385968511102
6300,0.0,0.2286,31.7,0.0027238,116.815,1.019193294954584,-1.1363167759518555,0.960196824352413,-1.2582500058112756,-0.6337152324135877,-1.1690077632919862
2500,3.0,0.3048,39.6,0.00495741,120.162,-0.13997205803341134,-0.6240734185880423,1.7730673119211406,-0.751624028451298,-0.46239228107775604,-0.6843898688851736
2500,7.2,0.1524,71.3,0.00752039,124.353,-0.13997205803341134,0.09306728172129605,0.1473263367836859,1.2812928680438007,-0.265805903950724,-0.07756776089027058
630,12.3,0.1016,39.6,0.0408268,121.315,-0.7104034291090828,0.9638809892397785,-0.3945873215954658,-0.751624028451298,2.2888712597444862,-0.5174450131185022
315,9.9,0.1524,31.7,0.0252785,128.809,-0.8064921360015088,0.5540863033487279,0.1473263367836859,-1.2582500058112756,1.0962813965835438,0.5676241535037398
1000,17.4,0.0254,31.7,0.0176631,131.796,-0.5975373289497253,1.8346946967582602,-1.207457809164193,-1.2582500058112756,0.5121629499420566,1.0001170278966716
315,6.7,0.1016,31.7,0.00592927,126.266,-0.8064921360015088,0.007693388827327192,-0.3945873215954658,-1.2582500058112756,-0.38784841554830307,0.1994188037945921
6300,5.4,0.1524,39.6,0.00485029,116.677,1.019193294954584,-0.2142787326969918,0.1473263367836859,-0.751624028451298,-0.4706086279543792,-1.1889890209639717
500,15.6,0.1016,71.3,0.0437259,130.638,-0.75005908592183,1.527348682339973,-0.3945873215954658,1.2812928680438007,2.5112388029672106,0.832448213518697
3150,4.2,0.0508,39.6,0.00152689,133.587,0.058306226030324725,-0.4191760756425171,-0.9365009799746172,-0.751624028451298,-0.7255209432061479,1.2594390024657178
5000,8.9,0.1016,71.3,0.0103088,116.723,0.622636726827112,0.3833385175607902,-0.3945873215954658,1.2812928680438007,-0.051928534698998594,-1.1823286017399772
315,5.3,0.2286,39.6,0.00614329,129.691,-0.8064921360015088,-0.23135351127578566,0.960196824352413,-0.751624028451298,-0.3714325962938698,0.6953304525377434
16000,4.0,0.2286,71.3,0.00400603,112.768,3.978115380213415,-0.4533256328001047,0.960196824352413,1.2812928680438007,-0.5353652841722459,-1.7549798632813391
500,7.3,0.2286,31.7,0.0132672,128.169,-0.75005908592183,0.11014206030008976,0.960196824352413,-1.2582500058112756,0.1749874529765242,0.4749574512568463
800,4.0,0.2286,55.5,0.0042862,131.864,-0.6585460317385673,-0.4533256328001047,0.960196824352413,0.2680409133238462,-0.5138756099337889,1.009962865010406
630,8.4,0.0508,55.5,0.00544854,126.152,-0.7104034291090828,0.29796462466682133,-0.9365009799746172,0.2680409133238462,-0.4247214965229022,0.1829125474568632
1250,17.4,0.0254,39.6,0.0172206,131.364,-0.521276450463673,1.8346946967582602,-1.207457809164193,-0.751624028451298,0.47822219664756654,0.9375670038800189
1000,0.0,0.1016,71.3,0.00121072,128.825,-0.5975373289497253,-1.1363167759518555,-0.3945873215954658,1.2812928680438007,-0.7497718990685633,0.569940821059911
315,7.3,0.2286,39.6,0.0123481,132.149,-0.8064921360015088,0.11014206030008976,0.960196824352413,-0.751624028451298,0.10449039907151718,1.0512285058547262
6300,5.4,0.1524,71.3,0.00401199,116.411,1.019193294954584,-0.2142787326969918,0.1473263367836859,1.2812928680438007,-0.5349081386589462,-1.2275036190853383
5000,5.4,0.1524,31.7,0.00525474,115.691,0.622636726827112,-0.2142787326969918,0.1473263367836859,-1.2582500058112756,-0.4395863959318788,-1.3317536591130956
3150,15.4,0.0508,55.5,0.0271925,123.46,0.058306226030324725,1.4931991251823855,-0.9365009799746172,0.2680409133238462,1.2430895362573375,-0.20686676886914207
1600,11.2,0.0508,39.6,0.0150478,126.54,-0.4145112205831998,0.7760584248730468,-0.9365009799746172,-0.751624028451298,0.31156351018820483,0.23909173569404435
8000,12.7,0.0254,71.3,0.0121808,120.538,1.53776726865974,1.0321801035549534,-1.207457809164193,1.2812928680438007,0.09165810974684334,-0.6299481813151239
3150,22.2,0.0254,71.3,0.0214178,124.127,0.058306226030324725,2.6542840685403615,-1.207457809164193,1.2812928680438007,0.8001569530941947,-0.11029069012120542
10000,7.2,0.1524,39.6,0.00909175,110.868,2.1478542965481586,0.09306728172129605,0.1473263367836859,-0.751624028451298,-0.14527902915562893,-2.0300841355768107
5000,0.0,0.2286,39.6,0.00253511,122.175,0.622636726827112,-1.1363167759518555,0.960196824352413,-0.751624028451298,-0.6481881832364969,-0.3929241319742364
1600,12.6,0.1524,39.6,0.0584113,110.78,-0.4145112205831998,1.0151053249761597,0.1473263367836859,-0.751624028451298,3.637642279647214,-2.0428258071357583
2000,8.4,0.0508,39.6,0.00566229,129.965,-0.292493815005516,0.29796462466682133,-0.9365009799746172,-0.751624028451298,-0.4083263868806486,0.7350033844371957
2000,0.0,0.0254,39.6,0.000428464,130.026,-0.292493815005516,-1.1363167759518555,-1.207457809164193,-0.751624028451298,-0.8097727079027656,0.7438356794951039
1600,0.0,0.0254,39.6,0.000428464,124.156,-0.4145112205831998,-1.1363167759518555,-1.207457809164193,-0.751624028451298,-0.8097727079027656,-0.10609173017564144
800,1.5,0.3048,71.3,0.00336729,127.122,-0.6585460317385673,-0.8801950972699489,1.7730673119211406,1.2812928680438007,-0.5843580904080029,0.323360518049814
400,7.3,0.2286,71.3,0.0104404,139.438,-0.780563437316251,0.11014206030008976,0.960196824352413,1.2812928680438007,-0.041834516318083576,2.1066153694135075
4000,5.4,0.1524,39.6,0.00485029,117.137,0.31759321288290265,-0.2142787326969918,0.1473263367836859,-0.751624028451298,-0.4706086279543792,-1.1223848287240166
1000,0.0,0.0254,31.7,0.000439472,125.127,-0.5975373289497253,-1.1363167759518555,-1.207457809164193,-1.2582500058112756,-0.8089283693439729,0.0345010321395688
3150,0.0,0.2286,55.5,0.00229336,125.16,0.058306226030324725,-1.1363167759518555,0.960196824352413,0.2680409133238462,-0.6667309563640516,0.03927915897417453
315,8.9,0.1016,39.6,0.0124596,135.38,-0.8064921360015088,0.3833385175607902,-0.3945873215954658,-0.751624028451298,0.1130427018790552,1.519050560479287
10000,4.2,0.0508,71.3,0.00142788,121.238,2.1478542965481586,-0.4191760756425171,-0.9365009799746172,1.2812928680438007,-0.7331152346947071,-0.5285939757325815
5000,2.7,0.1524,39.6,0.00294804,121.499,0.622636726827112,-0.6752977543244236,0.1473263367836859,-0.751624028451298,-0.6165155159870196,-0.4908033362225201
2500,12.6,0.1524,39.6,0.0584113,106.88,-0.13997205803341134,1.0151053249761597,0.1473263367836859,-0.751624028451298,3.637642279647214,-2.6075135239527785
500,9.9,0.1524,39.6,0.0233328,126.835,-0.75005908592183,0.5540863033487279,0.1473263367836859,-0.751624028451298,0.9470417950353204,0.28180529376097097
1000,1.5,0.3048,39.6,0.00392107,127.581,-0.5975373289497253,-0.8801950972699489,1.7730673119211406,-0.751624028451298,-0.541881908804788,0.38981991856750986
500,6.7,0.1016,55.5,0.0052139,129.343,-0.75005908592183,0.007693388827327192,-0.3945873215954658,0.2680409133238462,-0.44271891652972506,0.644942933190992
400,2.0,0.2286,39.6,0.00346574,122.147,-0.780563437316251,-0.7948212043759801,0.960196824352413,-0.751624028451298,-0.5768067521891497,-0.3969783001975369
200,17.4,0.0254,55.5,0.0165706,109.951,-0.8415721401050928,1.8346946967582602,-1.207457809164193,0.2680409133238462,0.42836572288164937,-2.162858144889941
400,9.9,0.1524,39.6,0.0233328,128.345,-0.780563437316251,0.5540863033487279,0.1473263367836859,-0.751624028451298,0.9470417950353204,0.5004407943747408
630,6.7,0.1016,55.5,0.0052139,133.023,-0.7104034291090828,0.007693388827327192,-0.3945873215954658,0.2680409133238462,-0.44271891652972506,1.1777764711106422
250,9.9,0.1524,71.3,0.0193001,135.329,-0.8263199644078824,0.5540863033487279,0.1473263367836859,1.2812928680438007,0.637724561564836,1.5116661826439892
1600,4.8,0.0254,39.6,0.000907475,125.966,-0.4145112205831998,-0.31672740416975453,-1.207457809164193,-0.751624028451298,-0.7730314781257105,0.15598128711635817
1600,8.9,0.1016,39.6,0.0124596,123.82,-0.4145112205831998,0.3833385175607902,-0.3945873215954658,-0.751624028451298,0.1130427018790552,-0.15474174885526343
5000,0.0,0.0254,31.7,0.000439472,138.607,0.622636726827112,-1.1363167759518555,-1.207457809164193,-1.2582500058112756,-0.8089283693439729,1.9862934482148058
500,2.0,0.2286,39.6,0.00346574,125.157,-0.75005908592183,-0.7948212043759801,0.960196824352413,-0.751624028451298,-0.5768067521891497,0.03884478380739219
4000,4.8,0.0254,31.7,0.000930789,135.328,0.31759321288290265,-0.31672740416975453,-1.207457809164193,-1.2582500058112756,-0.771243241465128,1.5115213909217278
630,5.3,0.2286,71.3,0.0051942,131.8,-0.7104034291090828,-0.23135351127578566,0.960196824352413,1.2812928680438007,-0.444229951196169,1.0006961947857176
2500,7.2,0.1524,39.6,0.00909175,117.478,-0.13997205803341134,0.09306728172129605,0.1473263367836859,-0.751624028451298,-0.14527902915562893,-1.0730108514330934
1250,0.0,0.3048,71.3,0.00266337,125.951,-0.521276450463673,-1.1363167759518555,1.7730673119211406,1.2812928680438007,-0.6383503504284714,0.1538094112824465
3150,0.0,0.3048,71.3,0.00266337,125.201,0.058306226030324725,-1.1363167759518555,1.7730673119211406,1.2812928680438007,-0.6383503504284714,0.04521561958686581
8000,4.0,0.2286,71.3,0.00400603,112.848,1.53776726865974,-0.4533256328001047,0.960196824352413,1.2812928680438007,-0.5353652841722459,-1.7433965255004773
5000,12.6,0.1524,71.3,0.0483159,108.034,0.622636726827112,1.0151053249761597,0.1473263367836859,1.2812928680438007,2.8633022100219194,-2.4404238764638433
1600,19.7,0.0508,71.3,0.0341183,120.575,-0.4145112205831998,2.227414604070517,-0.9365009799746172,1.2812928680438007,1.774314099346553,-0.6245908875914744
1000,15.6,0.1016,71.3,0.0437259,124.438,-0.5975373289497253,1.527348682339973,-0.3945873215954658,1.2812928680438007,2.5112388029672106,-0.06526046449810362
315,0.0,0.2286,39.6,0.00253511,121.055,-0.8064921360015088,-1.1363167759518555,0.960196824352413,-0.751624028451298,-0.6481881832364969,-0.5550908609063022
6300,22.2,0.0254,71.3,0.0214178,123.127,1.019193294954584,2.6542840685403615,-1.207457809164193,1.2812928680438007,0.8001569530941947,-0.25508241238197965
10000,0.0,0.3048,55.5,0.00283081,113.076,2.1478542965481586,-1.1363167759518555,1.7730673119211406,0.2680409133238462,-0.6255073227863711,-1.7103840128250216
400,9.5,0.0254,39.6,0.00449821,121.154,-0.780563437316251,0.4857871890335528,-1.207457809164193,-0.751624028451298,-0.4976139622366933,-0.540756480402487
1600,0.0,0.1016,39.6,0.00146332,133.261,-0.4145112205831998,-1.1363167759518555,-0.3945873215954658,-0.751624028451298,-0.7303969063404545,1.2122369010087064
400,9.9,0.1524,31.7,0.0252785,128.939,-0.780563437316251,0.5540863033487279,0.1473263367836859,-1.2582500058112756,1.0962813965835438,0.5864470773976398
1600,9.9,0.1524,71.3,0.0193001,121.789,-0.4145112205831998,0.5540863033487279,0.1473263367836859,1.2812928680438007,0.637724561564836,-0.4488137367668947
2000,0.0,0.0508,39.6,0.000791822,132.918,-0.292493815005516,-1.1363167759518555,-0.9365009799746172,-0.751624028451298,-0.7819023254494792,1.1625733402732623
250,12.3,0.1016,31.7,0.0418756,125.857,-0.8263199644078824,0.9638809892397785,-0.3945873215954658,-1.2582500058112756,2.369316597722477,0.14019898938993455
4000,7.2,0.1524,39.6,0.00909175,114.258,0.31759321288290265,0.09306728172129605,0.1473263367836859,-0.751624028451298,-0.14527902915562893,-1.5392401971127863
1000,3.3,0.1016,55.5,0.002211,131.129,-0.5975373289497253,-0.5728490828516611,-0.3945873215954658,0.2680409133238462,-0.6730481551015299,0.9035409491487351
8000,2.0,0.2286,71.3,0.00293031,115.996,1.53776726865974,-0.7948212043759801,0.960196824352413,1.2812928680438007,-0.6178754471868191,-1.2875921838235607
6300,0.0,0.3048,55.5,0.00283081,117.976,1.019193294954584,-1.1363167759518555,1.7730673119211406,0.2680409133238462,-0.6255073227863711,-1.000904573747227
1250,4.0,0.2286,39.6,0.00473801,128.339,-0.521276450463673,-0.4533256328001047,0.960196824352413,-0.751624028451298,-0.47922075853043644,0.49957204404117606
800,5.4,0.1524,39.6,0.00485029,132.757,-0.6585460317385673,-0.2142787326969918,0.1473263367836859,-0.751624028451298,-0.4706086279543792,1.1392618729892776
12500,0.0,0.3048,39.6,0.00310138,109.619,2.910463081408682,-1.1363167759518555,1.7730673119211406,-0.751624028451298,-0.604753990314303,-2.2109289966805172
3150,3.0,0.3048,71.3,0.00425727,121.514,0.058306226030324725,-0.6240734185880423,1.7730673119211406,1.2812928680438007,-0.5160946065277089,-0.4886314603886084
630,4.0,0.2286,31.7,0.00509068,130.349,-0.7104034291090828,-0.4533256328001047,0.960196824352413,-1.2582500058112756,-0.4521701699103963,0.790603405785331
1000,0.0,0.3048,31.7,0.00331266,127.365,-0.5975373289497253,-1.1363167759518555,1.7730673119211406,-1.2582500058112756,-0.5885483352723598,0.3585449065591814
1250,8.4,0.0508,55.5,0.00544854,132.252,-0.521276450463673,0.29796462466682133,-0.9365009799746172,0.2680409133238462,-0.4247214965229022,1.0661420532475872
5000,0.0,0.2286,55.5,0.00229336,122.41,0.622636726827112,-1.1363167759518555,0.960196824352413,0.2680409133238462,-0.6667309563640516,-0.3588980772429546
2500,3.0,0.3048,55.5,0.00452492,122.439,-0.13997205803341134,-0.6240734185880423,1.7730673119211406,0.2680409133238462,-0.4955652446762508,-0.3546991172973927
630,15.4,0.0508,71.3,0.0264269,129.645,-0.7104034291090828,1.4931991251823855,-0.9365009799746172,1.2812928680438007,1.1843662803878199,0.6886700333137489
630,8.9,0.1016,39.6,0.0124596,131.92,-0.7104034291090828,0.3833385175607902,-0.3945873215954658,-0.751624028451298,0.1130427018790552,1.018071201457007
3150,1.5,0.3048,71.3,0.00336729,123.392,0.058306226030324725,-0.8801950972699489,1.7730673119211406,1.2812928680438007,-0.5843580904080029,-0.2167126059828744
500,11.2,0.0508,39.6,0.0150478,131.96,-0.75005908592183,0.7760584248730468,-0.9365009799746172,-0.751624028451298,0.31156351018820483,1.0238628703474408
6300,12.6,0.1524,39.6,0.0584113,103.38,1.019193294954584,1.0151053249761597,0.1473263367836859,-0.751624028451298,3.637642279647214,-3.114284551865488
8000,0.0,0.3048,39.6,0.00310138,114.779,1.53776726865974,-1.1363167759518555,1.7730673119211406,-0.751624028451298,-0.604753990314303,-1.4638037098149228
800,6.7,0.1016,71.3,0.00478288,134.478,-0.6585460317385673,0.007693388827327192,-0.3945873215954658,1.2812928680438007,-0.4757791277952415,1.3884484270000705
10000,2.7,0.1524,71.3,0.00243851,116.724,2.1478542965481586,-0.6752977543244236,0.1473263367836859,1.2812928680438007,-0.6555976222607856,-1.1821838100177158
500,15.4,0.0508,71.3,0.0264269,127.285,-0.75005908592183,1.4931991251823855,-0.9365009799746172,1.2812928680438007,1.1843662803878199,0.34696156877831974
5000,8.4,0.0508,71.3,0.00529514,121.146,0.622636726827112,0.29796462466682133,-0.9365009799746172,1.2812928680438007,-0.43648762433165866,-0.5419148141805726
4000,11.2,0.0508,39.6,0.0150478,115.52,0.31759321288290265,0.7760584248730468,-0.9365009799746172,-0.751624028451298,0.31156351018820483,-1.356513043619689
800,8.4,0.0508,71.3,0.00529514,127.556,-0.6585460317385673,0.29796462466682133,-0.9365009799746172,1.2812928680438007,-0.43648762433165866,0.3862001255109897
2500,2.7,0.1524,39.6,0.00294804,125.589,-0.13997205803341134,-0.6752977543244236,0.1473263367836859,-0.751624028451298,-0.6165155159870196,0.10139480782404697
2500,12.7,0.0254,39.6,0.0130253,129.027,-0.13997205803341134,1.0321801035549534,-1.207457809164193,-0.751624028451298,0.15643317450886976,0.599188748956587
1600,7.2,0.1524,71.3,0.00752039,130.893,-0.4145112205831998,0.09306728172129605,0.1473263367836859,1.2812928680438007,-0.265805903950724,0.8693701026951938
10000,0.0,0.1524,71.3,0.0015988,120.247,2.1478542965481586,-1.1363167759518555,0.1473263367836859,1.2812928680438007,-0.7200052831622907,-0.6720825724930087
400,8.4,0.0508,39.6,0.00566229,120.015,-0.780563437316251,0.29796462466682133,-0.9365009799746172,-0.751624028451298,-0.4083263868806486,-0.7056742520575082
10000,0.0,0.1016,39.6,0.00146332,119.561,2.1478542965481586,-1.1363167759518555,-0.3945873215954658,-0.751624028451298,-0.7303969063404545,-0.7714096939638988
3150,4.2,0.0508,71.3,0.00142788,133.728,0.058306226030324725,-0.4191760756425171,-0.9365009799746172,1.2812928680438007,-0.7331152346947071,1.2798546353044897
500,19.7,0.0508,39.6,0.036484,128.444,-0.75005908592183,2.227414604070517,-0.9365009799746172,-0.751624028451298,1.9557686531742928,0.5147751748785558
3150,0.0,0.3048,31.7,0.00331266,119.135,0.058306226030324725,-1.1363167759518555,1.7730673119211406,-1.2582500058112756,-0.5885483352723598,-0.833090967646989
630,12.7,0.0254,39.6,0.0130253,128.867,-0.7104034291090828,1.0321801035549534,-1.207457809164193,-0.751624028451298,0.15643317450886976,0.5760220733948637
5000,1.5,0.3048,39.6,0.00392107,116.241,0.622636726827112,-0.8801950972699489,1.7730673119211406,-0.751624028451298,-0.541881908804788,-1.2521182118696703
630,9.9,0.1524,39.6,0.0233328,126.465,-0.7104034291090828,0.5540863033487279,0.1473263367836859,-0.751624028451298,0.9470417950353204,0.22823235652448587
5000,3.3,0.1016,39.6,0.00245138,122.371,0.622636726827112,-0.5728490828516611,-0.3945873215954658,-0.751624028451298,-0.6546104640802204,-0.364544954411125
5000,0.0,0.2286,71.3,0.00214345,124.304,0.622636726827112,-1.1363167759518555,0.960196824352413,1.2812928680438007,-0.6782293932598187,-0.08466255528104741
2500,2.0,0.2286,39.6,0.00346574,121.397,-0.13997205803341134,-0.7948212043759801,0.960196824352413,-0.751624028451298,-0.5768067521891497,-0.5055720918931176
315,12.6,0.1524,71.3,0.0483159,128.484,-0.8064921360015088,1.0151053249761597,0.1473263367836859,1.2812928680438007,2.8633022100219194,0.5205668437689899
6300,4.0,0.2286,31.7,0.00509068,112.699,1.019193294954584,-0.4533256328001047,0.960196824352413,-1.2582500058112756,-0.4521701699103963,-1.7649704921173328
4000,2.7,0.1524,71.3,0.00243851,126.534,0.31759321288290265,-0.6752977543244236,0.1473263367836859,1.2812928680438007,-0.6555976222607856,0.23822298536047967
3150,8.4,0.0508,55.5,0.00544854,128.402,0.058306226030324725,0.29796462466682133,-0.9365009799746172,0.2680409133238462,-0.4247214965229022,0.5086939225436031
1600,4.2,0.0508,71.3,0.00142788,124.318,-0.4145112205831998,-0.4191760756425171,-0.9365009799746172,1.2812928680438007,-0.7331152346947071,-0.08263547116939718
1600,4.0,0.3048,39.6,0.00579636,123.213,-0.4145112205831998,-0.4533256328001047,1.7730673119211406,-0.751624028451298,-0.39804291389942315,-0.24263032426755327
500,4.8,0.0254,39.6,0.000907475,116.366,-0.75005908592183,-0.31672740416975453,-1.207457809164193,-0.751624028451298,-0.7730314781257105,-1.2340192465870736
8000,3.0,0.3048,71.3,0.00425727,114.634,1.53776726865974,-0.6240734185880423,1.7730673119211406,1.2812928680438007,-0.5160946065277089,-1.4847985095427343
4000,0.0,0.3048,39.6,0.00310138,119.229,0.31759321288290265,-1.1363167759518555,1.7730673119211406,-0.751624028451298,-0.604753990314303,-0.819480545754477
2000,4.8,0.0254,39.6,0.000907475,128.916,-0.292493815005516,-0.31672740416975453,-1.207457809164193,-0.751624028451298,-0.7730314781257105,0.5831168677856425
630,0.0,0.2286,55.5,0.00229336,126.16,-0.7104034291090828,-1.1363167759518555,0.960196824352413,0.2680409133238462,-0.6667309563640516,0.18407088123494875
10000,4.8,0.0254,39.6,0.000907475,126.066,2.1478542965481586,-0.31672740416975453,-1.207457809164193,-0.751624028451298,-0.7730314781257105,0.17046045934243684
500,0.0,0.3048,31.7,0.00331266,127.315,-0.75005908592183,-1.1363167759518555,1.7730673119211406,-1.2582500058112756,-0.5885483352723598,0.35130532044614315
1000,5.4,0.1524,71.3,0.00401199,133.201,-0.5975373289497253,-0.2142787326969918,0.1473263367836859,1.2812928680438007,-0.5349081386589462,1.2035493976730596
2000,0.0,0.0254,31.7,0.000439472,130.697,-0.292493815005516,-1.1363167759518555,-1.207457809164193,-1.2582500058112756,-0.8089283693439729,0.8409909251320823
4000,15.4,0.0508,55.5,0.0271925,120.92,0.31759321288290265,1.4931991251823855,-0.9365009799746172,0.2680409133238462,1.2430895362573375,-0.5746377434115074
800,11.2,0.0508,39.6,0.0150478,133.79,-0.6585460317385673,0.7760584248730468,-0.9365009799746172,-0.751624028451298,0.31156351018820483,1.2888317220846555
3150,0.0,0.0508,39.6,0.000791822,135.938,0.058306226030324725,-1.1363167759518555,-0.9365009799746172,-0.751624028451298,-0.7819023254494792,1.599844341500798
2000,4.0,0.3048,39.6,0.00579636,120.963,-0.292493815005516,-0.4533256328001047,1.7730673119211406,-0.751624028451298,-0.39804291389942315,-0.5684116993542953
3150,3.0,0.3048,39.6,0.00495741,118.922,0.058306226030324725,-0.6240734185880423,1.7730673119211406,-0.751624028451298,-0.46239228107775604,-0.863931604488535
5000,0.0,0.0254,55.5,0.00041229,135.803,0.622636726827112,-1.1363167759518555,-1.207457809164193,0.2680409133238462,-0.8110132903745964,1.5802974589955947
315,1.5,0.3048,39.6,0.00392107,121.851,-0.8064921360015088,-0.8801950972699489,1.7730673119211406,-0.751624028451298,-0.541881908804788,-0.439836649986727
800,15.6,0.1016,71.3,0.0437259,124.188,-0.6585460317385673,1.527348682339973,-0.3945873215954658,1.2812928680438007,2.5112388029672106,-0.10145839506329718
2500,3.0,0.3048,71.3,0.00425727,124.024,-0.13997205803341134,-0.6240734185880423,1.7730673119211406,1.2812928680438007,-0.5160946065277089,-0.12520423751406437
400,5.4,0.1524,71.3,0.00401199,124.121,-0.780563437316251,-0.2142787326969918,0.1473263367836859,1.2812928680438007,-0.5349081386589462,-0.1111594404547701
2500,0.0,0.0508,55.5,0.00076193,133.956,-0.13997205803341134,-1.1363167759518555,-0.9365009799746172,0.2680409133238462,-0.7841951096245727,1.3128671479799434
8000,0.0,0.1524,55.5,0.00172668,121.903,1.53776726865974,-1.1363167759518555,0.1473263367836859,0.2680409133238462,-0.7101965972158516,-0.4323074804291658
2000,4.0,0.3048,71.3,0.00497773,124.395,-0.292493815005516,-0.4533256328001047,1.7730673119211406,1.2812928680438007,-0.46083369100556615,-0.07148650855531784
1250,2.0,0.2286,71.3,0.00293031,128.816,-0.521276450463673,-0.7948212043759801,0.960196824352413,1.2812928680438007,-0.6178754471868191,0.5686376955595659
3150,4.0,0.2286,71.3,0.00400603,124.108,0.058306226030324725,-0.4533256328001047,0.960196824352413,1.2812928680438007,-0.5353652841722459,-0.11304173284415886
1250,7.3,0.2286,31.7,0.0132672,120.509,-0.521276450463673,0.11014206030008976,0.960196824352413,-1.2582500058112756,0.1749874529765242,-0.6341471412606858
1250,4.8,0.0254,31.7,0.000930789,127.408,-0.521276450463673,-0.31672740416975453,-1.207457809164193,-1.2582500058112756,-0.771243241465128,0.36477095061639564
800,4.0,0.2286,39.6,0.00473801,130.469,-0.6585460317385673,-0.4533256328001047,0.960196824352413,-0.751624028451298,-0.47922075853043644,0.8079784124566245
400,3.0,0.3048,71.3,0.00425727,127.564,-0.780563437316251,-0.6240734185880423,1.7730673119211406,1.2812928680438007,-0.5160946065277089,0.38735845928907525
4000,15.4,0.0508,71.3,0.0264269,122.675,0.31759321288290265,1.4931991251823855,-0.9365009799746172,1.2812928680438007,1.1843662803878199,-0.32052827084384933
12500,0.0,0.0508,71.3,0.000740478,125.22,2.910463081408682,-1.1363167759518555,-0.9365009799746172,1.2812928680438007,-0.7858405266633827,0.047966662309821315
200,11.2,0.0508,71.3,0.014072,125.941,-0.8415721401050928,0.7760584248730468,-0.9365009799746172,1.2812928680438007,0.23671743772546305,0.15236149405984006
16000,0.0,0.0254,39.6,0.000428464,124.986,3.978115380213415,-1.1363167759518555,-1.207457809164193,-0.751624028451298,-0.8097727079027656,0.014085399300800919
1250,3.0,0.3048,71.3,0.00425727,127.634,-0.521276450463673,-0.6240734185880423,1.7730673119211406,1.2812928680438007,-0.5160946065277089,0.3974938798473305
3150,7.3,0.2286,39.6,0.0123481,114.309,0.058306226030324725,0.11014206030008976,0.960196824352413,-0.751624028451298,0.10449039907151718,-1.5318558192774865
5000,1.5,0.3048,71.3,0.00336729,119.632,0.622636726827112,-0.8801950972699489,1.7730673119211406,1.2812928680438007,-0.5843580904080029,-0.7611294816833841
8000,3.3,0.1016,31.7,0.00251435,117.432,1.53776726865974,-0.5728490828516611,-0.3945873215954658,-1.2582500058112756,-0.6497805223063129,-1.079671270657088
3150,15.4,0.0508,71.3,0.0264269,125.715,0.058306226030324725,1.4931991251823855,-0.9365009799746172,1.2812928680438007,1.1843662803878199,0.11963856482890521
630,6.7,0.1016,39.6,0.00578076,133.355,-0.7104034291090828,0.007693388827327192,-0.3945873215954658,-0.751624028451298,-0.3992394692698052,1.2258473229012183
1000,4.0,0.2286,71.3,0.00400603,131.708,-0.5975373289497253,-0.4533256328001047,0.960196824352413,1.2812928680438007,-0.5353652841722459,0.9873753563377244
8000,0.0,0.1016,55.5,0.00131983,124.45,1.53776726865974,-1.1363167759518555,-0.3945873215954658,0.2680409133238462,-0.7414029146799492,-0.06352296383097426
250,22.2,0.0254,39.6,0.0229028,117.386,-0.8263199644078824,2.6542840685403615,-1.207457809164193,-0.751624028451298,0.9140598200824828,-1.0863316898810844
5000,0.0,0.0508,71.3,0.000740478,134.43,0.622636726827112,-1.1363167759518555,-0.9365009799746172,1.2812928680438007,-0.7858405266633827,1.3814984243315531
5000,5.3,0.2286,39.6,0.00614329,115.311,0.622636726827112,-0.23135351127578566,0.960196824352413,-0.751624028451298,-0.3714325962938698,-1.3867745135721892
1250,0.0,0.2286,31.7,0.0027238,128.805,-0.521276450463673,-1.1363167759518555,0.960196824352413,-1.2582500058112756,-0.6337152324135877,0.567044986614698
800,3.3,0.1016,55.5,0.002211,129.119,-0.6585460317385673,-0.5728490828516611,-0.3945873215954658,0.2680409133238462,-0.6730481551015299,0.6125095874045802
3150,2.0,0.2286,55.5,0.00313525,123.742,0.058306226030324725,-0.7948212043759801,0.960196824352413,0.2680409133238462,-0.6021560845197621,-0.16603550319160218
2000,4.0,0.2286,71.3,0.00400603,126.218,-0.292493815005516,-0.4533256328001047,0.960196824352413,1.2812928680438007,-0.5353652841722459,0.19246880112607467
1250,3.0,0.3048,55.5,0.00452492,127.329,-0.521276450463673,-0.6240734185880423,1.7730673119211406,0.2680409133238462,-0.4955652446762508,0.35333240455779336
800,22.2,0.0254,71.3,0.0214178,123.227,-0.6585460317385673,2.6542840685403615,-1.207457809164193,1.2812928680438007,0.8001569530941947,-0.24060324015590098
3150,9.9,0.1524,39.6,0.0233328,113.525,0.058306226030324725,0.5540863033487279,0.1473263367836859,-0.751624028451298,0.9470417950353204,-1.6453725295299322
1600,2.0,0.2286,71.3,0.00293031,127.796,-0.4145112205831998,-0.7948212043759801,0.960196824352413,1.2812928680438007,-0.6178754471868191,0.4209501388535768
6300,9.5,0.0254,39.6,0.00449821,120.324,1.019193294954584,0.4857871890335528,-1.207457809164193,-0.751624028451298,-0.4976139622366933,-0.6609336098789294
2500,9.5,0.0254,31.7,0.00461377,130.086,-0.13997205803341134,0.4857871890335528,-1.207457809164193,-1.2582500058112756,-0.48875024822378654,0.7525231828307507
2500,1.5,0.3048,71.3,0.00336729,124.512,-0.13997205803341134,-0.8801950972699489,1.7730673119211406,1.2812928680438007,-0.5843580904080029,-0.05454587705080661
8000,1.5,0.3048,39.6,0.00392107,112.251,1.53776726865974,-0.8801950972699489,1.7730673119211406,-0.751624028451298,-0.541881908804788,-1.8298371836901588
2500,11.2,0.0508,71.3,0.014072,130.541,-0.13997205803341134,0.7760584248730468,-0.9365009799746172,1.2812928680438007,0.23671743772546305,0.8184034164594006
500,0.0,0.3048,39.6,0.00310138,126.959,-0.75005908592183,-1.1363167759518555,1.7730673119211406,-0.751624028451298,-0.604753990314303,0.2997594673213083
800,9.5,0.0254,31.7,0.00461377,130.746,-0.6585460317385673,0.4857871890335528,-1.207457809164193,-1.2582500058112756,-0.48875024822378654,0.8480857195228612
2000,7.3,0.2286,31.7,0.0132672,115.309,-0.292493815005516,0.11014206030008976,0.960196824352413,-1.2582500058112756,0.1749874529765242,-1.3870640970167123
1000,7.3,0.2286,31.7,0.0132672,119.099,-0.5975373289497253,0.11014206030008976,0.960196824352413,-1.2582500058112756,0.1749874529765242,-0.838303469648377
4000,0.0,0.0508,31.7,0.000812164,134.11,0.31759321288290265,-1.1363167759518555,-0.9365009799746172,-1.2582500058112756,-0.7803420479274079,1.3351650732081062
1000,12.6,0.1524,39.6,0.0584113,114.67,-0.5975373289497253,1.0151053249761597,0.1473263367836859,-0.751624028451298,3.637642279647214,-1.4795860075413463
400,6.7,0.1016,39.6,0.00578076,128.295,-0.780563437316251,0.007693388827327192,-0.3945873215954658,-0.751624028451298,-0.3992394692698052,0.4932012082617004
10000,12.7,0.0254,39.6,0.0130253,116.017,2.1478542965481586,1.0321801035549534,-1.207457809164193,-0.751624028451298,0.15643317450886976,-1.2845515576560842
400,15.4,0.0508,39.6,0.0282593,125.353,-0.780563437316251,1.4931991251823855,-0.9365009799746172,-0.751624028451298,1.3249155150473075,0.06722396137050364
2500,4.8,0.0254,39.6,0.000907475,131.236,-0.13997205803341134,-0.31672740416975453,-1.207457809164193,-0.751624028451298,-0.7730314781257105,0.9190336634306377
10000,1.5,0.3048,71.3,0.00336729,113.492,2.1478542965481586,-0.8801950972699489,1.7730673119211406,1.2812928680438007,-0.5843580904080029,-1.650150656364538
800,1.5,0.3048,39.6,0.00392107,128.831,-0.6585460317385673,-0.8801950972699489,1.7730673119211406,-0.751624028451298,-0.541881908804788,0.5708095713934755
3150,8.4,0.0508,31.7,0.00580776,122.086,0.058306226030324725,0.29796462466682133,-0.9365009799746172,-1.2582500058112756,-0.3971685080518363,-0.40581059525544516
500,1.5,0.3048,39.6,0.00392107,126.661,-0.75005908592183,-0.8801950972699489,1.7730673119211406,-0.751624028451298,-0.541881908804788,0.25661153408759735
1600,0.0,0.1524,71.3,0.0015988,129.667,-0.4145112205831998,-1.1363167759518555,0.1473263367836859,1.2812928680438007,-0.7200052831622907,0.6918554512034847
630,15.4,0.0508,31.7,0.0289853,124.685,-0.7104034291090828,1.4931991251823855,-0.9365009799746172,-1.2582500058112756,1.3806013611304706,-0.029496909099692402
6300,9.9,0.1524,39.6,0.0233328,109.885,1.019193294954584,0.5540863033487279,0.1473263367836859,-0.751624028451298,0.9470417950353204,-2.1724143985591504
6300,0.0,0.0254,39.6,0.000428464,136.826,1.019193294954584,-1.1363167759518555,-1.207457809164193,-0.751624028451298,-0.8097727079027656,1.728419390868366
5000,9.5,0.0254,55.5,0.0043284,128.412,0.622636726827112,0.4857871890335528,-1.207457809164193,0.2680409133238462,-0.5106387742523709,0.5101418397662136
5000,7.3,0.2286,39.6,0.0123481,111.959,0.622636726827112,0.11014206030008976,0.960196824352413,-0.751624028451298,0.10449039907151718,-1.8721163665903051
3150,0.0,0.0508,31.7,0.000812164,135.49,0.058306226030324725,-1.1363167759518555,-0.9365009799746172,-1.2582500058112756,-0.7803420479274079,1.5349776499279741
6300,9.9,0.1524,71.3,0.0193001,112.039,1.019193294954584,0.5540863033487279,0.1473263367836859,1.2812928680438007,0.637724561564836,-1.8605330288094433
5000,17.4,0.0254,71.3,0.016104,123.126,0.622636726827112,1.8346946967582602,-1.207457809164193,1.2812928680438007,0.3925764449444539,-0.25522720410423905
1250,15.4,0.0508,39.6,0.0282593,126.743,-0.521276450463673,1.4931991251823855,-0.9365009799746172,-0.751624028451298,1.3249155150473075,0.2684844553129799
250,17.4,0.0254,31.7,0.0176631,116.956,-0.8263199644078824,1.8346946967582602,-1.207457809164193,-1.2582500058112756,0.5121629499420566,-1.1485921304532163
5000,7.3,0.2286,71.3,0.0104404,115.298,0.622636726827112,0.11014206030008976,0.960196824352413,1.2812928680438007,-0.041834516318083576,-1.38865680596158
800,3.3,0.1016,31.7,0.00251435,131.362,-0.6585460317385673,-0.5728490828516611,-0.3945873215954658,-1.2582500058112756,-0.6497805223063129,0.937277420435496
500,19.7,0.0508,71.3,0.0341183,126.995,-0.75005908592183,2.227414604070517,-0.9365009799746172,1.2812928680438007,1.774314099346553,0.3049719693226964
2000,15.6,0.1016,39.6,0.0528487,110.894,-0.292493815005516,1.527348682339973,-0.3945873215954658,-0.751624028451298,3.210978247385227,-2.0263195507980294
2000,3.0,0.3048,71.3,0.00425727,125.524,-0.292493815005516,-0.6240734185880423,1.7730673119211406,1.2812928680438007,-0.5160946065277089,0.09198334587709697
6300,7.2,0.1524,71.3,0.00752039,116.603,1.019193294954584,0.09306728172129605,0.1473263367836859,1.2812928680438007,-0.265805903950724,-1.1997036084112709
1600,8.4,0.0508,31.7,0.00580776,129.296,-0.4145112205831998,0.29796462466682133,-0.9365009799746172,-1.2582500058112756,-0.3971685080518363,0.6381377222447361
2500,9.9,0.1524,31.7,0.0252785,114.729,-0.13997205803341134,0.5540863033487279,0.1473263367836859,-1.2582500058112756,1.0962813965835438,-1.471043295927961
5000,0.0,0.0254,71.3,0.000400682,136.837,0.622636726827112,-1.1363167759518555,-1.207457809164193,1.2812928680438007,-0.8119036502937883,1.730012099813234
315,19.7,0.0508,71.3,0.0341183,121.235,-0.8064921360015088,2.227414604070517,-0.9365009799746172,1.2812928680438007,1.774314099346553,-0.5290283508993638
5000,0.0,0.3048,31.7,0.00331266,115.645,0.622636726827112,-1.1363167759518555,1.7730673119211406,-1.2582500058112756,-0.5885483352723598,-1.3384140783370924
3150,2.0,0.2286,39.6,0.00346574,121.627,0.058306226030324725,-0.7948212043759801,0.960196824352413,-0.751624028451298,-0.5768067521891497,-0.472269995773141
2000,4.2,0.0508,71.3,0.00142788,129.848,-0.292493815005516,-0.4191760756425171,-0.9365009799746172,1.2812928680438007,-0.7331152346947071,0.7180627529326865
1600,6.7,0.1016,55.5,0.0052139,133.653,-0.4145112205831998,0.007693388827327192,-0.3945873215954658,0.2680409133238462,-0.44271891652972506,1.2689952561349294
2500,0.0,0.2286,31.7,0.0027238,123.445,-0.13997205803341134,-1.1363167759518555,0.960196824352413,-1.2582500058112756,-0.6337152324135877,-0.20903864470305375
2000,0.0,0.2286,39.6,0.00253511,125.305,-0.292493815005516,-1.1363167759518555,0.960196824352413,-0.751624028451298,-0.6481881832364969,0.060273958701988276
630,3.0,0.3048,31.7,0.00529514,128.698,-0.7104034291090828,-0.6240734185880423,1.7730673119211406,-1.2582500058112756,-0.43648762433165866,0.5515522723327954
1250,8.9,0.1016,39.6,0.0124596,127.71,-0.521276450463673,0.3833385175607902,-0.3945873215954658,-0.751624028451298,0.1130427018790552,0.4084980507391484
8000,5.3,0.2286,71.3,0.0051942,114.9,1.53776726865974,-0.23135351127578566,0.960196824352413,1.2812928680438007,-0.444229951196169,-1.4462839114213677
800,22.2,0.0254,39.6,0.0229028,137.076,-0.6585460317385673,2.6542840685403615,-1.207457809164193,-0.751624028451298,0.9140598200824828,1.7646173214335596
1600,3.0,0.3048,55.5,0.00452492,124.439,-0.4145112205831998,-0.6240734185880423,1.7730673119211406,0.2680409133238462,-0.4955652446762508,-0.06511567277584421
2500,15.6,0.1016,39.6,0.0528487,110.264,-0.13997205803341134,1.527348682339973,-0.3945873215954658,-0.751624028451298,3.210978247385227,-2.1175383358223185
2000,2.0,0.2286,71.3,0.00293031,126.896,-0.292493815005516,-0.7948212043759801,0.960196824352413,1.2812928680438007,-0.6178754471868191,0.2906375888188792
800,12.3,0.1016,39.6,0.0408268,122.315,-0.6585460317385673,0.9638809892397785,-0.3945873215954658,-0.751624028451298,2.2888712597444862,-0.37265329085772797
400,22.2,0.0254,71.3,0.0214178,117.927,-0.780563437316251,2.6542840685403615,-1.207457809164193,1.2812928680438007,0.8001569530941947,-1.007999368138004
630,9.5,0.0254,31.7,0.00461377,129.006,-0.7104034291090828,0.4857871890335528,-1.207457809164193,-1.2582500058112756,-0.48875024822378654,0.5961481227891127
6300,0.0,0.3048,71.3,0.00266337,119.541,1.019193294954584,-1.1363167759518555,1.7730673119211406,1.2812928680438007,-0.6383503504284714,-0.7743055284091158
2500,7.3,0.2286,31.7,0.0132672,114.709,-0.13997205803341134,0.11014206030008976,0.960196824352413,-1.2582500058112756,0.1749874529765242,-1.473939130373176
250,15.4,0.0508,55.5,0.0271925,124.17,-0.8263199644078824,1.4931991251823855,-0.9365009799746172,0.2680409133238462,1.2430895362573375,-0.10406464606399121
6300,12.6,0.1524,71.3,0.0483159,107.284,1.019193294954584,1.0151053249761597,0.1473263367836859,1.2812928680438007,2.8633022100219194,-2.5490176681594243
6300,2.0,0.2286,71.3,0.00293031,120.786,1.019193294954584,-0.7948212043759801,0.960196824352413,1.2812928680438007,-0.6178754471868191,-0.5940398341944513
4000,5.4,0.1524,31.7,0.00525474,116.181,0.31759321288290265,-0.2142787326969918,0.1473263367836859,-1.2582500058112756,-0.4395863959318788,-1.2608057152053171
6300,5.3,0.2286,39.6,0.00614329,112.541,1.019193294954584,-0.23135351127578566,0.960196824352413,-0.751624028451298,-0.3714325962938698,-1.7878475842345354
2500,0.0,0.0254,71.3,0.000400682,133.707,-0.13997205803341134,-1.1363167759518555,-1.207457809164193,1.2812928680438007,-0.8119036502937883,1.2768140091370115
1250,17.4,0.0254,31.7,0.0176631,128.306,-0.521276450463673,1.8346946967582602,-1.207457809164193,-1.2582500058112756,0.5121629499420566,0.4947939172065724
800,5.4,0.1524,55.5,0.00433288,133.097,-0.6585460317385673,-0.2142787326969918,0.1473263367836859,0.2680409133238462,-0.5102951480947228,1.1884910585579413
5000,0.0,0.1016,31.7,0.00150092,124.393,0.622636726827112,-1.1363167759518555,-0.3945873215954658,-1.2582500058112756,-0.7275129010887647,-0.07177609199983871
400,11.2,0.0508,71.3,0.014072,129.281,-0.780563437316251,0.7760584248730468,-0.9365009799746172,1.2812928680438007,0.23671743772546305,0.6359658464108264
3150,0.0,0.1524,71.3,0.0015988,129.377,0.058306226030324725,-1.1363167759518555,0.1473263367836859,1.2812928680438007,-0.7200052831622907,0.6498658517478613
5000,12.6,0.1524,39.6,0.0584113,104.13,0.622636726827112,1.0151053249761597,0.1473263367836859,-0.751624028451298,3.637642279647214,-3.0056907601699074
1000,8.9,0.1016,71.3,0.0103088,135.433,-0.5975373289497253,0.3833385175607902,-0.3945873215954658,1.2812928680438007,-0.051928534698998594,1.5267245217591074
500,3.0,0.3048,31.7,0.00529514,127.548,-0.75005908592183,-0.6240734185880423,1.7730673119211406,-1.2582500058112756,-0.43648762433165866,0.38504179173290415
1000,0.0,0.1524,31.7,0.00209405,130.987,-0.5975373289497253,-1.1363167759518555,0.1473263367836859,-1.2582500058112756,-0.6820184852660284,0.8829805245877057
500,9.5,0.0254,31.7,0.00461377,126.886,-0.75005908592183,0.4857871890335528,-1.207457809164193,-1.2582500058112756,-0.48875024822378654,0.2891896715962707
1000,0.0,0.0508,55.5,0.00076193,125.586,-0.5975373289497253,-1.1363167759518555,-0.9365009799746172,0.2680409133238462,-0.7841951096245727,0.10096043265726463
2000,8.9,0.1016,71.3,0.0103088,124.233,-0.292493815005516,0.3833385175607902,-0.3945873215954658,1.2812928680438007,-0.051928534698998594,-0.09494276756156209
3150,0.0,0.0508,71.3,0.000740478,135.07,0.058306226030324725,-1.1363167759518555,-0.9365009799746172,1.2812928680438007,-0.7858405266633827,1.4741651265784466
10000,2.7,0.1524,39.6,0.00294804,112.589,2.1478542965481586,-0.6752977543244236,0.1473263367836859,-0.751624028451298,-0.6165155159870196,-1.780897581566018
500,4.0,0.3048,39.6,0.00579636,130.173,-0.75005908592183,-0.4533256328001047,1.7730673119211406,-0.751624028451298,-0.39804291389942315,0.7651200626674365
1250,12.3,0.1016,39.6,0.0408268,121.165,-0.521276450463673,0.9638809892397785,-0.3945873215954658,-0.751624028451298,2.2888712597444862,-0.5391637714576171
500,12.6,0.1524,71.3,0.0483159,121.664,-0.75005908592183,1.0151053249761597,0.1473263367836859,1.2812928680438007,2.8633022100219194,-0.4669127020494914
4000,22.2,0.0254,71.3,0.0214178,123.917,0.31759321288290265,2.6542840685403615,-1.207457809164193,1.2812928680438007,0.8001569530941947,-0.1406969517959671
250,15.6,0.1016,71.3,0.0437259,132.158,-0.8263199644078824,1.527348682339973,-0.3945873215954658,1.2812928680438007,2.5112388029672106,1.0525316313550712
5000,0.0,0.1016,55.5,0.00131983,128.36,0.622636726827112,-1.1363167759518555,-0.3945873215954658,0.2680409133238462,-0.7414029146799492,0.5026126702086545
250,15.4,0.0508,39.6,0.0282593,122.893,-0.8263199644078824,1.4931991251823855,-0.9365009799746172,-0.751624028451298,1.3249155150473075,-0.28896367539100004
1250,15.6,0.1016,39.6,0.0528487,118.214,-0.521276450463673,1.527348682339973,-0.3945873215954658,-0.751624028451298,3.210978247385227,-0.9664441438491629
4000,0.0,0.3048,71.3,0.00266337,123.061,0.31759321288290265,-1.1363167759518555,1.7730673119211406,1.2812928680438007,-0.6383503504284714,-0.2646386660511891
3150,11.2,0.0508,39.6,0.0150478,119.67,0.058306226030324725,0.7760584248730468,-0.9365009799746172,-0.751624028451298,0.31156351018820483,-0.7556273962374752
800,9.9,0.1524,39.6,0.0233328,126.345,-0.6585460317385673,0.5540863033487279,0.1473263367836859,-0.751624028451298,0.9470417950353204,0.21085734985319232
8000,17.4,0.0254,71.3,0.016104,115.466,1.53776726865974,1.8346946967582602,-1.207457809164193,1.2812928680438007,0.3925764449444539,-1.3643317966217712
4000,4.0,0.2286,31.7,0.00509068,118.859,0.31759321288290265,-0.4533256328001047,0.960196824352413,-1.2582500058112756,-0.4521701699103963,-0.8730534829909641
6300,4.2,0.0508,71.3,0.00142788,129.308,1.019193294954584,-0.4191760756425171,-0.9365009799746172,1.2812928680438007,-0.7331152346947071,0.6398752229118655
8000,0.0,0.0508,71.3,0.000740478,130.89,1.53776726865974,-1.1363167759518555,-0.9365009799746172,1.2812928680438007,-0.7858405266633827,0.8689357275284093
8000,4.0,0.2286,55.5,0.0042862,112.524,1.53776726865974,-0.4533256328001047,0.960196824352413,0.2680409133238462,-0.5138756099337889,-1.7903090435129678
630,9.5,0.0254,71.3,0.00420654,125.726,-0.7104034291090828,0.4857871890335528,-1.207457809164193,1.2812928680438007,-0.5199857125494703,0.1212312737737731
500,17.4,0.0254,71.3,0.016104,119.806,-0.75005908592183,1.8346946967582602,-1.207457809164193,1.2812928680438007,0.3925764449444539,-0.7359357220100106
1250,12.7,0.0254,71.3,0.0121808,133.048,-0.521276450463673,1.0321801035549534,-1.207457809164193,1.2812928680438007,0.09165810974684334,1.1813962641671623
400,2.0,0.2286,55.5,0.00313525,122.292,-0.780563437316251,-0.7948212043759801,0.960196824352413,0.2680409133238462,-0.6021560845197621,-0.37598350046972523
5000,17.4,0.0254,55.5,0.0165706,118.941,0.622636726827112,1.8346946967582602,-1.207457809164193,0.2680409133238462,0.42836572288164937,-0.8611805617655796
6300,5.3,0.2286,71.3,0.0051942,116.92,1.019193294954584,-0.23135351127578566,0.960196824352413,1.2812928680438007,-0.444229951196169,-1.1538046324546043
1600,9.5,0.0254,31.7,0.00461377,131.036,-0.4145112205831998,0.4857871890335528,-1.207457809164193,-1.2582500058112756,-0.48875024822378654,0.8900753189784846
3150,15.4,0.0508,31.7,0.0289853,118.045,0.058306226030324725,1.4931991251823855,-0.9365009799746172,-1.2582500058112756,1.3806013611304706,-0.9909139449112333
315,3.0,0.3048,31.7,0.00529514,123.118,-0.8064921360015088,-0.6240734185880423,1.7730673119211406,-1.2582500058112756,-0.43648762433165866,-0.25638553788232665
16000,2.7,0.1524,71.3,0.00243851,110.364,3.978115380213415,-0.6752977543244236,0.1473263367836859,1.2812928680438007,-0.6555976222607856,-2.1030591635962397
3150,12.7,0.0254,39.6,0.0130253,127.847,0.058306226030324725,1.0321801035549534,-1.207457809164193,-0.751624028451298,0.15643317450886976,0.4283345166888745
630,6.7,0.1016,71.3,0.00478288,131.448,-0.7104034291090828,0.007693388827327192,-0.3945873215954658,1.2812928680438007,-0.4757791277952415,0.9497295085499244
3150,12.7,0.0254,71.3,0.0121808,133.758,0.058306226030324725,1.0321801035549534,-1.207457809164193,1.2812928680438007,0.09165810974684334,1.2841983869723133
250,12.3,0.1016,55.5,0.0368233,133.294,-0.8263199644078824,0.9638809892397785,-0.3945873215954658,0.2680409133238462,1.9817937324801016,1.217015027843314
315,7.3,0.2286,31.7,0.0132672,130.239,-0.8064921360015088,0.11014206030008976,0.960196824352413,-1.2582500058112756,0.1749874529765242,0.7746763163366479
1600,2.7,0.1524,39.6,0.00294804,130.049,-0.4145112205831998,-0.6752977543244236,0.1473263367836859,-0.751624028451298,-0.6165155159870196,0.7471658891071011
1600,17.4,0.0254,31.7,0.0176631,126.846,-0.4145112205831998,1.8346946967582602,-1.207457809164193,-1.2582500058112756,0.5121629499420566,0.28339800270584087
4000,0.0,0.2286,39.6,0.00253511,123.465,0.31759321288290265,-1.1363167759518555,0.960196824352413,-0.751624028451298,-0.6481881832364969,-0.2061428102578368
500,6.7,0.1016,39.6,0.00578076,130.955,-0.75005908592183,0.007693388827327192,-0.3945873215954658,-0.751624028451298,-0.3992394692698052,0.8783471894753635
6300,0.0,0.2286,39.6,0.00253511,117.465,1.019193294954584,-1.1363167759518555,0.960196824352413,-0.751624028451298,-0.6481881832364969,-1.074893143822482
6300,3.3,0.1016,39.6,0.00245138,120.851,1.019193294954584,-0.5728490828516611,-0.3945873215954658,-0.751624028451298,-0.6546104640802204,-0.5846283722475012
3150,3.3,0.1016,71.3,0.00202822,132.114,0.058306226030324725,-0.5728490828516611,-0.3945873215954658,1.2812928680438007,-0.6870677955245058,1.0461607955755996
4000,0.0,0.2286,55.5,0.00229336,123.41,0.31759321288290265,-1.1363167759518555,0.960196824352413,0.2680409133238462,-0.6667309563640516,-0.21410635498218036
16000,1.5,0.3048,71.3,0.00336729,106.582,3.978115380213415,-0.8801950972699489,1.7730673119211406,1.2812928680438007,-0.5843580904080029,-2.6506614571864895
1250,3.0,0.3048,31.7,0.00529514,124.838,-0.521276450463673,-0.6240734185880423,1.7730673119211406,-1.2582500058112756,-0.43648762433165866,-0.007343775593795164
2000,8.4,0.0508,55.5,0.00544854,133.042,-0.292493815005516,0.29796462466682133,-0.9365009799746172,0.2680409133238462,-0.4247214965229022,1.1805275138335978
800,15.4,0.0508,39.6,0.0282593,128.423,-0.6585460317385673,1.4931991251823855,-0.9365009799746172,-0.751624028451298,1.3249155150473075,0.5117345487110816
6300,15.4,0.0508,39.6,0.0282593,109.663,1.019193294954584,1.4931991251823855,-0.9365009799746172,-0.751624028451298,1.3249155150473075,-2.2045581609010436
2000,9.9,0.1524,39.6,0.0233328,117.925,-0.292493815005516,0.5540863033487279,0.1473263367836859,-0.751624028451298,0.9470417950353204,-1.0082889515825268
400,22.2,0.0254,39.6,0.0229028,123.416,-0.780563437316251,2.6542840685403615,-1.207457809164193,-0.751624028451298,0.9140598200824828,-0.2132376046486157
500,5.4,0.1524,55.5,0.00433288,129.367,-0.75005908592183,-0.2142787326969918,0.1473263367836859,0.2680409133238462,-0.5102951480947228,0.6484179345252508
3150,0.0,0.0254,71.3,0.000400682,137.007,0.058306226030324725,-1.1363167759518555,-1.207457809164193,1.2812928680438007,-0.8119036502937883,1.754626692597568
1250,3.0,0.3048,39.6,0.00495741,125.802,-0.521276450463673,-0.6240734185880423,1.7730673119211406,-0.751624028451298,-0.46239228107775604,0.13223544466559303
5000,9.5,0.0254,31.7,0.00461377,124.426,0.622636726827112,0.4857871890335528,-1.207457809164193,-1.2582500058112756,-0.48875024822378654,-0.06699796516523297
1000,8.4,0.0508,39.6,0.00566229,130.195,-0.5975373289497253,0.29796462466682133,-0.9365009799746172,-0.751624028451298,-0.4083263868806486,0.7683054805571723
315,7.3,0.2286,55.5,0.0111706,136.284,-0.8064921360015088,0.11014206030008976,0.960196824352413,0.2680409133238462,0.014173479287874517,1.6499422774030263
2500,5.3,0.2286,71.3,0.0051942,123.74,-0.13997205803341134,-0.23135351127578566,0.960196824352413,1.2812928680438007,-0.444229951196169,-0.1663250866361251
4000,0.0,0.1524,31.7,0.00209405,123.807,0.31759321288290265,-1.1363167759518555,0.1473263367836859,-1.2582500058112756,-0.6820184852660284,-0.15662404124465218
400,15.6,0.1016,71.3,0.0437259,134.058,-0.780563437316251,1.527348682339973,-0.3945873215954658,1.2812928680438007,2.5112388029672106,1.327635903650543
2000,0.0,0.1524,31.7,0.00209405,128.907,-0.292493815005516,-1.1363167759518555,0.1473263367836859,-1.2582500058112756,-0.6820184852660284,0.5818137422852976
1250,3.3,0.1016,31.7,0.00251435,134.022,-0.521276450463673,-0.5728490828516611,-0.3945873215954658,-1.2582500058112756,-0.6497805223063129,1.322423401649155
400,4.0,0.2286,31.7,0.00509068,126.149,-0.780563437316251,-0.4533256328001047,0.960196824352413,-1.2582500058112756,-0.4521701699103963,0.18247817229008087
3150,5.3,0.2286,39.6,0.00614329,118.441,0.058306226030324725,-0.23135351127578566,0.960196824352413,-0.751624028451298,-0.3714325962938698,-0.9335764228959667
800,0.0,0.3048,71.3,0.00266337,126.201,-0.6585460317385673,-1.1363167759518555,1.7730673119211406,1.2812928680438007,-0.6383503504284714,0.19000734184764004
400,5.3,0.2286,71.3,0.0051942,127.7,-0.780563437316251,-0.23135351127578566,0.960196824352413,1.2812928680438007,-0.444229951196169,0.40705013351654196
1250,15.4,0.0508,55.5,0.0271925,130.0,-0.521276450463673,1.4931991251823855,-0.9365009799746172,0.2680409133238462,1.2430895362573375,0.7400710947163223
3150,8.4,0.0508,39.6,0.00566229,123.965,0.058306226030324725,0.29796462466682133,-0.9365009799746172,-0.751624028451298,-0.4083263868806486,-0.13374694912744967
1600,12.3,0.1016,71.3,0.0337792,124.748,-0.4145112205831998,0.9638809892397785,-0.3945873215954658,1.2812928680438007,1.748304360494211,-0.02037503059726328
2500,0.0,0.1524,55.5,0.00172668,127.763,-0.13997205803341134,-1.1363167759518555,0.1473263367836859,0.2680409133238462,-0.7101965972158516,0.4161720120189711
1000,0.0,0.1016,31.7,0.00150092,131.313,-0.5975373289497253,-1.1363167759518555,-0.3945873215954658,-1.2582500058112756,-0.7275129010887647,0.9301826260447171
1600,0.0,0.3048,31.7,0.00331266,122.365,-0.4145112205831998,-1.1363167759518555,1.7730673119211406,-1.2582500058112756,-0.5885483352723598,-0.36541370474468965
1250,9.9,0.1524,71.3,0.0193001,122.679,-0.521276450463673,0.5540863033487279,0.1473263367836859,1.2812928680438007,0.637724561564836,-0.3199491039548055
1250,3.3,0.1016,55.5,0.002211,132.769,-0.521276450463673,-0.5728490828516611,-0.3945873215954658,0.2680409133238462,-0.6730481551015299,1.1409993736564068
6300,4.8,0.0254,31.7,0.000930789,132.898,1.019193294954584,-0.31672740416975453,-1.207457809164193,-1.2582500058112756,-0.771243241465128,1.1596775058280453
2000,19.7,0.0508,39.6,0.036484,117.724,-0.292493815005516,2.227414604070517,-0.9365009799746172,-0.751624028451298,1.9557686531742928,-1.0373920877569416
10000,4.0,0.3048,71.3,0.00497773,110.905,2.1478542965481586,-0.4533256328001047,1.7730673119211406,1.2812928680438007,-0.46083369100556615,-2.024726841853161
3150,7.3,0.2286,31.7,0.0132672,113.229,0.058306226030324725,0.11014206030008976,0.960196824352413,-1.2582500058112756,0.1749874529765242,-1.6882308793191223
8000,3.0,0.3048,55.5,0.00452492,113.799,1.53776726865974,-0.6240734185880423,1.7730673119211406,0.2680409133238462,-0.4955652446762508,-1.60569959763048
2500,0.0,0.0254,39.6,0.000428464,131.836,-0.13997205803341134,-1.1363167759518555,-1.207457809164193,-0.751624028451298,-0.8097727079027656,1.0059086967871056
1250,2.7,0.1524,39.6,0.00294804,130.829,-0.521276450463673,-0.6752977543244236,0.1473263367836859,-0.751624028451298,-0.6165155159870196,0.8601034324705052
315,11.2,0.0508,39.6,0.0150478,128.99,-0.8064921360015088,0.7760584248730468,-0.9365009799746172,-0.751624028451298,0.31156351018820483,0.5938314552329416
500,12.6,0.1524,39.6,0.0584113,114.9,-0.75005908592183,1.0151053249761597,0.1473263367836859,-0.751624028451298,3.637642279647214,-1.4462839114213677
3150,1.5,0.3048,39.6,0.00392107,119.111,0.058306226030324725,-0.8801950972699489,1.7730673119211406,-0.751624028451298,-0.541881908804788,-0.8365659689812477
3150,12.3,0.1016,39.6,0.0408268,113.055,0.058306226030324725,0.9638809892397785,-0.3945873215954658,-0.751624028451298,2.2888712597444862,-1.7134246389924959
1250,4.0,0.3048,39.6,0.00579636,126.343,-0.521276450463673,-0.4533256328001047,1.7730673119211406,-0.751624028451298,-0.39804291389942315,0.21056776640867145
800,15.4,0.0508,71.3,0.0264269,131.515,-0.6585460317385673,1.4931991251823855,-0.9365009799746172,1.2812928680438007,1.1843662803878199,0.9594305539413932
8000,4.8,0.0254,71.3,0.000848633,131.518,1.53776726865974,-0.31672740416975453,-1.207457809164193,1.2812928680438007,-0.7775447929400706,0.9598649291081777
12500,4.2,0.0508,71.3,0.00142788,117.328,2.910463081408682,-0.4191760756425171,-0.9365009799746172,1.2812928680438007,-0.7331152346947071,-1.0947296097722083
1250,7.3,0.2286,55.5,0.0111706,125.724,-0.521276450463673,0.11014206030008976,0.960196824352413,0.2680409133238462,0.014173479287874517,0.12094169032925223
2500,2.0,0.2286,71.3,0.00293031,127.006,-0.13997205803341134,-0.7948212043759801,0.960196824352413,1.2812928680438007,-0.6178754471868191,0.3065646782675643
1600,1.5,0.3048,71.3,0.00336729,126.632,-0.4145112205831998,-0.8801950972699489,1.7730673119211406,1.2812928680438007,-0.5843580904080029,0.2524125741420354
2500,8.4,0.0508,71.3,0.00529514,134.226,-0.13997205803341134,0.29796462466682133,-0.9365009799746172,1.2812928680438007,-0.43648762433165866,1.351960912990354
800,3.0,0.3048,39.6,0.00495741,129.552,-0.6585460317385673,-0.6240734185880423,1.7730673119211406,-0.751624028451298,-0.46239228107775604,0.6752044031434943
630,4.0,0.2286,71.3,0.00400603,129.038,-0.7104034291090828,-0.4533256328001047,0.960196824352413,1.2812928680438007,-0.5353652841722459,0.6007814579014591
12500,4.8,0.0254,55.5,0.000873218,125.094,2.910463081408682,-0.31672740416975453,-1.207457809164193,0.2680409133238462,-0.775659067697709,0.02972290530496307
4000,4.0,0.2286,55.5,0.0042862,120.654,0.31759321288290265,-0.4533256328001047,0.960196824352413,0.2680409133238462,-0.5138756099337889,-0.6131523415328741
2000,12.3,0.1016,31.7,0.0418756,110.447,-0.292493815005516,0.9638809892397785,-0.3945873215954658,-1.2582500058112756,2.369316597722477,-2.091041450648596
500,12.7,0.0254,71.3,0.0121808,126.898,-0.75005908592183,1.0321801035549534,-1.207457809164193,1.2812928680438007,0.09165810974684334,0.29092717226340004
630,0.0,0.1524,31.7,0.00209405,125.997,-0.7104034291090828,-1.1363167759518555,0.1473263367836859,-1.2582500058112756,-0.6820184852660284,0.16046983050644303
5000,4.8,0.0254,39.6,0.000907475,135.426,0.622636726827112,-0.31672740416975453,-1.207457809164193,-0.751624028451298,-0.7730314781257105,1.5257109797032815
630,8.4,0.0508,31.7,0.00580776,125.856,-0.7104034291090828,0.29796462466682133,-0.9365009799746172,-1.2582500058112756,-0.3971685080518363,0.1400541976676731
1000,5.3,0.2286,71.3,0.0051942,134.0,-0.5975373289497253,-0.23135351127578566,0.960196824352413,1.2812928680438007,-0.444229951196169,1.3192379837594193
6300,0.0,0.1524,39.6,0.00193287,121.313,1.019193294954584,-1.1363167759518555,0.1473263367836859,-0.751624028451298,-0.6943813567146293,-0.517734596563023
500,8.9,0.1016,39.6,0.0124596,133.79,-0.75005908592183,0.3833385175607902,-0.3945873215954658,-0.751624028451298,0.1130427018790552,1.2888317220846555
2000,4.0,0.2286,39.6,0.00473801,121.659,-0.292493815005516,-0.4533256328001047,0.960196824352413,-0.751624028451298,-0.47922075853043644,-0.4676366606607947
6300,7.3,0.2286,55.5,0.0111706,111.534,1.019193294954584,0.11014206030008976,0.960196824352413,0.2680409133238462,0.014173479287874517,-1.9336528485511337
1600,4.0,0.3048,71.3,0.00497773,126.645,-0.4145112205831998,-0.4533256328001047,1.7730673119211406,1.2812928680438007,-0.46083369100556615,0.2542948665314242
12500,0.0,0.3048,55.5,0.00283081,111.076,2.910463081408682,-1.1363167759518555,1.7730673119211406,0.2680409133238462,-0.6255073227863711,-1.99996745734657
2000,2.7,0.1524,71.3,0.00243851,130.114,-0.292493815005516,-0.6752977543244236,0.1473263367836859,1.2812928680438007,-0.6555976222607856,0.7565773510540511
4000,0.0,0.2286,71.3,0.00214345,125.824,0.31759321288290265,-1.1363167759518555,0.960196824352413,1.2812928680438007,-0.6782293932598187,0.13542086255532884
1000,4.8,0.0254,39.6,0.000907475,122.956,-0.5975373289497253,-0.31672740416975453,-1.207457809164193,-0.751624028451298,-0.7730314781257105,-0.2798417968885709
1000,6.7,0.1016,39.6,0.00578076,134.515,-0.5975373289497253,0.007693388827327192,-0.3945873215954658,-0.751624028451298,-0.3992394692698052,1.393805720723716
2500,19.7,0.0508,71.3,0.0341183,118.385,-0.13997205803341134,2.227414604070517,-0.9365009799746172,1.2812928680438007,1.774314099346553,-0.9416847593425696
250,12.3,0.1016,39.6,0.0408268,129.675,-0.8263199644078824,0.9638809892397785,-0.3945873215954658,-0.751624028451298,2.2888712597444862,0.6930137849815723
5000,4.0,0.3048,71.3,0.00497773,117.785,0.622636726827112,-0.4533256328001047,1.7730673119211406,1.2812928680438007,-0.46083369100556615,-1.0285597926990353
3150,4.0,0.3048,71.3,0.00497773,121.775,0.058306226030324725,-0.4533256328001047,1.7730673119211406,1.2812928680438007,-0.46083369100556615,-0.4508408208785449
1000,9.9,0.1524,55.5,0.0208438,124.665,-0.5975373289497253,0.5540863033487279,0.1473263367836859,0.2680409133238462,0.7561298516455229,-0.03239274354490731
12500,4.0,0.3048,71.3,0.00497773,107.405,2.910463081408682,-0.4533256328001047,1.7730673119211406,1.2812928680438007,-0.46083369100556615,-2.531497869765871
3150,2.7,0.1524,71.3,0.00243851,127.054,0.058306226030324725,-0.6752977543244236,0.1473263367836859,1.2812928680438007,-0.6555976222607856,0.3135146809360817
1250,22.2,0.0254,71.3,0.0214178,140.987,-0.521276450463673,2.6542840685403615,-1.207457809164193,1.2812928680438007,0.8001569530941947,2.330897747195448
2000,3.3,0.1016,39.6,0.00245138,132.301,-0.292493815005516,-0.5728490828516611,-0.3945873215954658,-0.751624028451298,-0.6546104640802204,1.073236847638362
2000,15.4,0.0508,39.6,0.0282593,123.443,-0.292493815005516,1.4931991251823855,-0.9365009799746172,-0.751624028451298,1.3249155150473075,-0.20932822814757462
2500,0.0,0.1524,39.6,0.00193287,126.863,-0.13997205803341134,-1.1363167759518555,0.1473263367836859,-0.751624028451298,-0.6943813567146293,0.2858594619842735
630,19.7,0.0508,39.6,0.036484,120.324,-0.7104034291090828,2.227414604070517,-0.9365009799746172,-0.751624028451298,1.9557686531742928,-0.6609336098789294
4000,1.5,0.3048,71.3,0.00336729,121.762,0.31759321288290265,-0.8801950972699489,1.7730673119211406,1.2812928680438007,-0.5843580904080029,-0.45272311326793574
800,0.0,0.1016,55.5,0.00131983,127.92,-0.6585460317385673,-1.1363167759518555,-0.3945873215954658,0.2680409133238462,-0.7414029146799492,0.43890431241391215
1000,5.4,0.1524,31.7,0.00525474,128.241,-0.5975373289497253,-0.2142787326969918,0.1473263367836859,-1.2582500058112756,-0.4395863959318788,0.4853824552596224
12500,0.0,0.0508,55.5,0.00076193,125.376,2.910463081408682,-1.1363167759518555,-0.9365009799746172,0.2680409133238462,-0.7841951096245727,0.07055417098250295
3150,9.9,0.1524,55.5,0.0208438,115.085,0.058306226030324725,0.5540863033487279,0.1473263367836859,0.2680409133238462,0.7561298516455229,-1.4194974428031262
250,11.2,0.0508,71.3,0.014072,127.101,-0.8263199644078824,0.7760584248730468,-0.9365009799746172,1.2812928680438007,0.23671743772546305,0.32031989188233767
1000,0.0,0.2286,31.7,0.0027238,130.595,-0.5975373289497253,-1.1363167759518555,0.960196824352413,-1.2582500058112756,-0.6337152324135877,0.8262221694614827
4000,0.0,0.0508,71.3,0.000740478,134.43,0.31759321288290265,-1.1363167759518555,-0.9365009799746172,1.2812928680438007,-0.7858405266633827,1.3814984243315531
6300,0.0,0.2286,55.5,0.00229336,118.41,1.019193294954584,-1.1363167759518555,0.960196824352413,0.2680409133238462,-0.6667309563640516,-0.9380649662860515
1000,4.0,0.3048,71.3,0.00497773,131.015,-0.5975373289497253,-0.4533256328001047,1.7730673119211406,1.2812928680438007,-0.46083369100556615,0.8870346928110061
1000,3.0,0.3048,39.6,0.00495741,128.312,-0.5975373289497253,-0.6240734185880423,1.7730673119211406,-0.751624028451298,-0.46239228107775604,0.4956626675401371
2000,9.5,0.0254,31.7,0.00461377,130.496,-0.292493815005516,0.4857871890335528,-1.207457809164193,-1.2582500058112756,-0.48875024822378654,0.8118877889576677
1600,0.0,0.2286,39.6,0.00253511,127.095,-0.4145112205831998,-1.1363167759518555,0.960196824352413,-0.751624028451298,-0.6481881832364969,0.31945114154877297
630,22.2,0.0254,39.6,0.0229028,137.026,-0.7104034291090828,2.6542840685403615,-1.207457809164193,-0.751624028451298,0.9140598200824828,1.7573777353205235
200,19.7,0.0508,71.3,0.0341183,118.005,-0.8415721401050928,2.227414604070517,-0.9365009799746172,1.2812928680438007,1.774314099346553,-0.9967056138016652
3150,4.0,0.3048,39.6,0.00579636,118.743,0.058306226030324725,-0.4533256328001047,1.7730673119211406,-0.751624028451298,-0.39804291389942315,-0.8898493227732139
3150,0.0,0.3048,39.6,0.00310138,120.319,0.058306226030324725,-1.1363167759518555,1.7730673119211406,-0.751624028451298,-0.604753990314303,-0.6616575684902326
6300,9.9,0.1524,31.7,0.0252785,108.689,1.019193294954584,0.5540863033487279,0.1473263367836859,-1.2582500058112756,1.0962813965835438,-2.345585298383038
5000,3.0,0.3048,71.3,0.00425727,118.134,0.622636726827112,-0.6240734185880423,1.7730673119211406,1.2812928680438007,-0.5160946065277089,-0.9780274816300246
1600,0.0,0.3048,39.6,0.00310138,124.049,-0.4145112205831998,-1.1363167759518555,1.7730673119211406,-0.751624028451298,-0.604753990314303,-0.12158444445754418
315,5.4,0.1524,39.6,0.00485029,125.347,-0.8064921360015088,-0.2142787326969918,0.1473263367836859,-0.751624028451298,-0.4706086279543792,0.06635521103693896
3150,0.0,0.0254,31.7,0.000439472,135.227,0.058306226030324725,-1.1363167759518555,-1.207457809164193,-1.2582500058112756,-0.8089283693439729,1.4968974269733897
800,0.0,0.1016,39.6,0.00146332,128.401,-0.6585460317385673,-1.1363167759518555,-0.3945873215954658,-0.751624028451298,-0.7303969063404545,0.5085491308213458
400,12.3,0.1016,39.6,0.0408268,128.265,-0.780563437316251,0.9638809892397785,-0.3945873215954658,-0.751624028451298,2.2888712597444862,0.488857456593877
16000,0.0,0.1524,55.5,0.00172668,112.803,3.978115380213415,-1.1363167759518555,0.1473263367836859,0.2680409133238462,-0.7101965972158516,-1.7499121530022124
500,0.0,0.1524,55.5,0.00172668,120.573,-0.75005908592183,-1.1363167759518555,0.1473263367836859,0.2680409133238462,-0.7101965972158516,-0.6248804710359973
500,15.4,0.0508,55.5,0.0271925,127.22,-0.75005908592183,1.4931991251823855,-0.9365009799746172,0.2680409133238462,1.2430895362573375,0.33755010683136977
4000,19.7,0.0508,71.3,0.0341183,113.045,0.31759321288290265,2.227414604070517,-0.9365009799746172,1.2812928680438007,1.774314099346553,-1.7148725562151044
5000,0.0,0.3048,55.5,0.00283081,119.606,0.622636726827112,-1.1363167759518555,1.7730673119211406,0.2680409133238462,-0.6255073227863711,-0.7648940664621658
1000,3.3,0.1016,39.6,0.00245138,131.971,-0.5975373289497253,-0.5728490828516611,-0.3945873215954658,-0.751624028451298,-0.6546104640802204,1.0254555792923088
630,17.4,0.0254,31.7,0.0176631,136.886,-0.7104034291090828,1.8346946967582602,-1.207457809164193,-1.2582500058112756,0.5121629499420566,1.7371068942040129
1250,1.5,0.3048,71.3,0.00336729,125.872,-0.521276450463673,-0.8801950972699489,1.7730673119211406,1.2812928680438007,-0.5843580904080029,0.14237086522384626
6300,15.4,0.0508,71.3,0.0264269,115.215,1.019193294954584,1.4931991251823855,-0.9365009799746172,1.2812928680438007,1.1843662803878199,-1.4006745189092242
5000,15.6,0.1016,39.6,0.0528487,106.224,0.622636726827112,1.527348682339973,-0.3945873215954658,-0.751624028451298,3.210978247385227,-2.702496893755845
1600,5.3,0.2286,71.3,0.0051942,130.46,-0.4145112205831998,-0.23135351127578566,0.960196824352413,1.2812928680438007,-0.444229951196169,0.8066752869562795
2500,0.0,0.1524,31.7,0.00209405,125.867,-0.13997205803341134,-1.1363167759518555,0.1473263367836859,-1.2582500058112756,-0.6820184852660284,0.14164690661254303
1600,11.2,0.0508,71.3,0.014072,135.191,-0.4145112205831998,0.7760584248730468,-0.9365009799746172,1.2812928680438007,0.23671743772546305,1.4916849249720017
10000,3.3,0.1016,55.5,0.002211,115.659,2.1478542965481586,-0.5728490828516611,-0.3945873215954658,0.2680409133238462,-0.6730481551015299,-1.33638699422544
1600,5.3,0.2286,39.6,0.00614329,123.081,-0.4145112205831998,-0.23135351127578566,0.960196824352413,-0.751624028451298,-0.3714325962938698,-0.2617428316059741
6300,0.0,0.0508,71.3,0.000740478,133.04,1.019193294954584,-1.1363167759518555,-0.9365009799746172,1.2812928680438007,-0.7858405266633827,1.1802379303890747
1250,12.6,0.1524,39.6,0.0584113,112.16,-0.521276450463673,1.0151053249761597,0.1473263367836859,-0.751624028451298,3.637642279647214,-1.8430132304158904
2500,3.3,0.1016,31.7,0.00251435,130.392,-0.13997205803341134,-0.5728490828516611,-0.3945873215954658,-1.2582500058112756,-0.6497805223063129,0.7968294498425451
800,0.0,0.1524,71.3,0.0015988,125.817,-0.6585460317385673,-1.1363167759518555,0.1473263367836859,1.2812928680438007,-0.7200052831622907,0.13440732049950269
1600,2.0,0.2286,55.5,0.00313525,126.752,-0.4145112205831998,-0.7948212043759801,0.960196824352413,0.2680409133238462,-0.6021560845197621,0.26978758081332693
6300,1.5,0.3048,71.3,0.00336729,118.122,1.019193294954584,-0.8801950972699489,1.7730673119211406,1.2812928680438007,-0.5843580904080029,-0.9797649822971539
3150,15.4,0.0508,39.6,0.0282593,120.513,0.058306226030324725,1.4931991251823855,-0.9365009799746172,-0.751624028451298,1.3249155150473075,-0.633567974371642
630,0.0,0.2286,31.7,0.0027238,129.465,-0.7104034291090828,-1.1363167759518555,0.960196824352413,-1.2582500058112756,-0.6337152324135877,0.6626075233068085
800,7.3,0.2286,31.7,0.0132672,123.209,-0.6585460317385673,0.11014206030008976,0.960196824352413,-1.2582500058112756,0.1749874529765242,-0.24320949115659501
630,7.3,0.2286,71.3,0.0104404,133.768,-0.7104034291090828,0.11014206030008976,0.960196824352413,1.2812928680438007,-0.041834516318083576,1.2856463041949195
10000,7.2,0.1524,71.3,0.00752039,110.313,2.1478542965481586,0.09306728172129605,0.1473263367836859,1.2812928680438007,-0.265805903950724,-2.1104435414315397
400,4.0,0.3048,39.6,0.00579636,128.633,-0.780563437316251,-0.4533256328001047,1.7730673119211406,-0.751624028451298,-0.39804291389942315,0.5421408103858453
1250,0.0,0.3048,55.5,0.00283081,126.086,-0.521276450463673,-1.1363167759518555,1.7730673119211406,0.2680409133238462,-0.6255073227863711,0.17335629378765174
3150,3.3,0.1016,55.5,0.002211,130.629,0.058306226030324725,-0.5728490828516611,-0.3945873215954658,0.2680409133238462,-0.6730481551015299,0.8311450880183479
800,9.5,0.0254,71.3,0.00420654,127.206,-0.6585460317385673,0.4857871890335528,-1.207457809164193,1.2812928680438007,-0.5199857125494703,0.3355230227197195
4000,4.0,0.2286,39.6,0.00473801,119.159,0.31759321288290265,-0.4533256328001047,0.960196824352413,-0.751624028451298,-0.47922075853043644,-0.8296159663127302
6300,4.8,0.0254,39.6,0.000907475,134.336,1.019193294954584,-0.31672740416975453,-1.207457809164193,-0.751624028451298,-0.7730314781257105,1.3678880024390412
2000,15.4,0.0508,71.3,0.0264269,129.285,-0.292493815005516,1.4931991251823855,-0.9365009799746172,1.2812928680438007,1.1843662803878199,0.6365450132998682
6300,5.4,0.1524,31.7,0.00525474,115.591,1.019193294954584,-0.2142787326969918,0.1473263367836859,-1.2582500058112756,-0.4395863959318788,-1.3462328313391745
4000,0.0,0.3048,31.7,0.00331266,118.145,0.31759321288290265,-1.1363167759518555,1.7730673119211406,-1.2582500058112756,-0.5885483352723598,-0.9764347726851568
400,15.4,0.0508,71.3,0.0264269,126.805,-0.780563437316251,1.4931991251823855,-0.9365009799746172,1.2812928680438007,1.1843662803878199,0.2774615420931496
250,15.6,0.1016,39.6,0.0528487,124.644,-0.8263199644078824,1.527348682339973,-0.3945873215954658,-0.751624028451298,3.210978247385227,-0.035433369712383686
200,12.3,0.1016,71.3,0.0337792,130.588,-0.8415721401050928,0.9638809892397785,-0.3945873215954658,1.2812928680438007,1.748304360494211,0.8252086274056566
1600,2.0,0.2286,39.6,0.00346574,125.837,-0.4145112205831998,-0.7948212043759801,0.960196824352413,-0.751624028451298,-0.5768067521891497,0.13730315494471965
1000,0.0,0.3048,39.6,0.00310138,127.899,-0.5975373289497253,-1.1363167759518555,1.7730673119211406,-0.751624028451298,-0.604753990314303,0.43586368624643573
250,9.9,0.1524,39.6,0.0233328,128.335,-0.8263199644078824,0.5540863033487279,0.1473263367836859,-0.751624028451298,0.9470417950353204,0.4989928771521343
800,6.7,0.1016,55.5,0.0052139,135.953,-0.6585460317385673,0.007693388827327192,-0.3945873215954658,0.2680409133238462,-0.44271891652972506,1.6020162173347117
2000,9.5,0.0254,39.6,0.00449821,131.274,-0.292493815005516,0.4857871890335528,-1.207457809164193,-0.751624028451298,-0.4976139622366933,0.9245357488765488
6300,0.0,0.0254,55.5,0.00041229,136.103,1.019193294954584,-1.1363167759518555,-1.207457809164193,0.2680409133238462,-0.8110132903745964,1.6237349756738286
800,0.0,0.0508,55.5,0.00076193,124.336,-0.6585460317385673,-1.1363167759518555,-0.9365009799746172,0.2680409133238462,-0.7841951096245727,-0.08002922016870315
2500,0.0,0.2286,71.3,0.00214345,128.354,-0.13997205803341134,-1.1363167759518555,0.960196824352413,1.2812928680438007,-0.6782293932598187,0.5017439198750898
250,15.4,0.0508,31.7,0.0289853,121.225,-0.8263199644078824,1.4931991251823855,-0.9365009799746172,-1.2582500058112756,1.3806013611304706,-0.5304762681219723
1250,0.0,0.1524,71.3,0.0015988,128.927,-0.521276450463673,-1.1363167759518555,0.1473263367836859,1.2812928680438007,-0.7200052831622907,0.5847095767305104
5000,9.9,0.1524,39.6,0.0233328,111.135,0.622636726827112,0.5540863033487279,0.1473263367836859,-0.751624028451298,0.9470417950353204,-1.9914247457331826
6300,0.0,0.0508,39.6,0.000791822,131.918,1.019193294954584,-1.1363167759518555,-0.9365009799746172,-0.751624028451298,-0.7819023254494792,1.0177816180124881
1000,6.7,0.1016,55.5,0.0052139,137.233,-0.5975373289497253,0.007693388827327192,-0.3945873215954658,0.2680409133238462,-0.44271891652972506,1.7873496218285028
1600,0.0,0.0508,71.3,0.000740478,129.68,-0.4145112205831998,-1.1363167759518555,-0.9365009799746172,1.2812928680438007,-0.7858405266633827,0.6937377435928755
800,7.3,0.2286,55.5,0.0111706,128.444,-0.6585460317385673,0.11014206030008976,0.960196824352413,0.2680409133238462,0.014173479287874517,0.5147751748785558
1600,8.4,0.0508,39.6,0.00566229,130.965,-0.4145112205831998,0.29796462466682133,-0.9365009799746172,-0.751624028451298,-0.4083263868806486,0.8797951066979699
630,7.2,0.1524,39.6,0.00909175,133.198,-0.7104034291090828,0.09306728172129605,0.1473263367836859,-0.751624028451298,-0.14527902915562893,1.2031150225062792
630,3.0,0.3048,55.5,0.00452492,129.569,-0.7104034291090828,-0.6240734185880423,1.7730673119211406,0.2680409133238462,-0.4955652446762508,0.677665862421927
2500,7.3,0.2286,55.5,0.0111706,118.994,-0.13997205803341134,0.11014206030008976,0.960196824352413,0.2680409133238462,0.014173479287874517,-0.8535066004857589
800,12.3,0.1016,55.5,0.0368233,125.114,-0.6585460317385673,0.9638809892397785,-0.3945873215954658,0.2680409133238462,1.9817937324801016,0.03261873975018004
12500,0.0,0.0254,71.3,0.000400682,133.207,2.910463081408682,-1.1363167759518555,-1.207457809164193,1.2812928680438007,-0.8119036502937883,1.2044181480066243
2000,7.2,0.1524,71.3,0.00752039,128.643,-0.292493815005516,0.09306728172129605,0.1473263367836859,1.2812928680438007,-0.265805903950724,0.5435887276084518
500,15.6,0.1016,39.6,0.0528487,115.304,-0.75005908592183,1.527348682339973,-0.3945873215954658,-0.751624028451298,3.210978247385227,-1.3877880556280153
2500,1.5,0.3048,39.6,0.00392107,120.981,-0.13997205803341134,-0.8801950972699489,1.7730673119211406,-0.751624028451298,-0.541881908804788,-0.5658054483536012
1000,11.2,0.0508,71.3,0.014072,136.941,-0.5975373289497253,0.7760584248730468,-0.9365009799746172,1.2812928680438007,0.23671743772546305,1.7450704389283564
250,17.4,0.0254,71.3,0.016104,113.796,-0.8263199644078824,1.8346946967582602,-1.207457809164193,1.2812928680438007,0.3925764449444539,-1.6061339727972623
2500,12.3,0.1016,55.5,0.0368233,117.054,-0.13997205803341134,0.9638809892397785,-0.3945873215954658,0.2680409133238462,1.9817937324801016,-1.1344025416716605
1250,0.0,0.0508,39.6,0.000791822,129.148,-0.521276450463673,-1.1363167759518555,-0.9365009799746172,-0.751624028451298,-0.7819023254494792,0.616708547350142
500,0.0,0.1524,31.7,0.00209405,121.617,-0.75005908592183,-1.1363167759518555,0.1473263367836859,-1.2582500058112756,-0.6820184852660284,-0.4737179129957474
10000,0.0,0.3048,71.3,0.00266337,115.391,2.1478542965481586,-1.1363167759518555,1.7730673119211406,1.2812928680438007,-0.6383503504284714,-1.3751911757913275
800,7.3,0.2286,71.3,0.0104404,130.748,-0.6585460317385673,0.11014206030008976,0.960196824352413,1.2812928680438007,-0.041834516318083576,0.84837530296738
6300,2.0,0.2286,39.6,0.00346574,116.417,1.019193294954584,-0.7948212043759801,0.960196824352413,-0.751624028451298,-0.5768067521891497,-1.2266348687517739
4000,9.9,0.1524,31.7,0.0252785,111.459,0.31759321288290265,0.5540863033487279,0.1473263367836859,-1.2582500058112756,1.0962813965835438,-1.944512227720692
1250,22.2,0.0254,39.6,0.0229028,126.446,-0.521276450463673,2.6542840685403615,-1.207457809164193,-0.751624028451298,0.9140598200824828,0.2254813138015304
4000,8.9,0.1016,39.6,0.0124596,116.22,0.31759321288290265,0.3833385175607902,-0.3945873215954658,-0.751624028451298,0.1130427018790552,-1.2551588380371468
3150,9.9,0.1524,31.7,0.0252785,112.209,0.058306226030324725,0.5540863033487279,0.1473263367836859,-1.2582500058112756,1.0962813965835438,-1.8359184360251115
2000,11.2,0.0508,71.3,0.014072,133.311,-0.292493815005516,0.7760584248730468,-0.9365009799746172,1.2812928680438007,0.23671743772546305,1.2194764871217467
500,4.0,0.3048,71.3,0.00497773,130.715,-0.75005908592183,-0.4533256328001047,1.7730673119211406,1.2812928680438007,-0.46083369100556615,0.8435971761327763
1600,15.4,0.0508,55.5,0.0271925,128.2,-0.4145112205831998,1.4931991251823855,-0.9365009799746172,0.2680409133238462,1.2430895362573375,0.479445994646927
3150,17.4,0.0254,39.6,0.0172206,123.564,0.058306226030324725,1.8346946967582602,-1.207457809164193,-0.751624028451298,0.47822219664756654,-0.19180842975402165
10000,2.0,0.2286,71.3,0.00293031,113.086,2.1478542965481586,-0.7948212043759801,0.960196824352413,1.2812928680438007,-0.6178754471868191,-1.708936095602413
1000,4.0,0.2286,39.6,0.00473801,129.969,-0.5975373289497253,-0.4533256328001047,0.960196824352413,-0.751624028451298,-0.47922075853043644,0.7355825513262374
250,12.3,0.1016,71.3,0.0337792,131.568,-0.8263199644078824,0.9638809892397785,-0.3945873215954658,1.2812928680438007,1.748304360494211,0.967104515221218
4000,4.8,0.0254,39.6,0.000907475,134.996,0.31759321288290265,-0.31672740416975453,-1.207457809164193,-0.751624028451298,-0.7730314781257105,1.4634505391311516
1600,2.7,0.1524,71.3,0.00243851,130.644,-0.4145112205831998,-0.6752977543244236,0.1473263367836859,1.2812928680438007,-0.6555976222607856,0.8333169638522616
12500,4.8,0.0254,71.3,0.000848633,127.688,2.910463081408682,-0.31672740416975453,-1.207457809164193,1.2812928680438007,-0.7775447929400706,0.4053126328494126
2000,0.0,0.0508,31.7,0.000812164,133.01,-0.292493815005516,-1.1363167759518555,-0.9365009799746172,-1.2582500058112756,-0.7803420479274079,1.1758941787212513
630,3.3,0.1016,39.6,0.00245138,127.251,-0.7104034291090828,-0.5728490828516611,-0.3945873215954658,-0.751624028451298,-0.6546104640802204,0.34203865022145463
8000,0.0,0.0508,39.6,0.000791822,128.518,1.53776726865974,-1.1363167759518555,-0.9365009799746172,-0.751624028451298,-0.7819023254494792,0.525489762325855
1250,9.5,0.0254,31.7,0.00461377,131.446,-0.521276450463673,0.4857871890335528,-1.207457809164193,-1.2582500058112756,-0.48875024822378654,0.9494399251054015
6300,2.7,0.1524,71.3,0.00243851,121.944,1.019193294954584,-0.6752977543244236,0.1473263367836859,1.2812928680438007,-0.6555976222607856,-0.4263710198164745
3150,0.0,0.3048,55.5,0.00283081,123.236,0.058306226030324725,-1.1363167759518555,1.7730673119211406,0.2680409133238462,-0.6255073227863711,-0.23930011465555398
3150,4.0,0.2286,31.7,0.00509068,120.229,0.058306226030324725,-0.4533256328001047,0.960196824352413,-1.2582500058112756,-0.4521701699103963,-0.6746888234937027
2500,0.0,0.1016,39.6,0.00146332,132.611,-0.13997205803341134,-1.1363167759518555,-0.3945873215954658,-0.751624028451298,-0.7303969063404545,1.1181222815392022
3150,4.0,0.2286,39.6,0.00473801,120.419,0.058306226030324725,-0.4533256328001047,0.960196824352413,-0.751624028451298,-0.47922075853043644,-0.647178396264156
1600,7.3,0.2286,39.6,0.0123481,121.059,-0.4145112205831998,0.11014206030008976,0.960196824352413,-0.751624028451298,0.10449039907151718,-0.5545116940172604
1600,0.0,0.1524,55.5,0.00172668,130.183,-0.4145112205831998,-1.1363167759518555,0.1473263367836859,0.2680409133238462,-0.7101965972158516,0.7665679798900429
500,0.0,0.2286,39.6,0.00253511,126.195,-0.75005908592183,-1.1363167759518555,0.960196824352413,-0.751624028451298,-0.6481881832364969,0.18913859151407536
1600,15.4,0.0508,39.6,0.0282593,124.843,-0.4145112205831998,1.4931991251823855,-0.9365009799746172,-0.751624028451298,1.3249155150473075,-0.006619816982489894
2500,3.3,0.1016,71.3,0.00202822,133.894,-0.13997205803341134,-0.5728490828516611,-0.3945873215954658,1.2812928680438007,-0.6870677955245058,1.303890061199778
5000,4.8,0.0254,71.3,0.000848633,135.468,0.622636726827112,-0.31672740416975453,-1.207457809164193,1.2812928680438007,-0.7775447929400706,1.5317922320382342
500,12.3,0.1016,31.7,0.0418756,118.667,-0.75005908592183,0.9638809892397785,-0.3945873215954658,-1.2582500058112756,2.369316597722477,-0.9008534936650318
6300,1.5,0.3048,39.6,0.00392107,114.751,1.019193294954584,-0.8801950972699489,1.7730673119211406,-0.751624028451298,-0.541881908804788,-1.4678578780382232
2500,4.8,0.0254,71.3,0.000848633,130.828,-0.13997205803341134,-0.31672740416975453,-1.207457809164193,1.2812928680438007,-0.7775447929400706,0.8599586407482438
630,9.5,0.0254,55.5,0.0043284,125.452,-0.7104034291090828,0.4857871890335528,-1.207457809164193,0.2680409133238462,-0.5106387742523709,0.08155834187432083
2500,9.5,0.0254,39.6,0.00449821,131.234,-0.13997205803341134,0.4857871890335528,-1.207457809164193,-0.751624028451298,-0.4976139622366933,0.918744079986119
400,12.6,0.1524,71.3,0.0483159,127.094,-0.780563437316251,1.0151053249761597,0.1473263367836859,1.2812928680438007,2.8633022100219194,0.3193063498265115
1600,0.0,0.0254,31.7,0.000439472,129.267,-0.4145112205831998,-1.1363167759518555,-1.207457809164193,-1.2582500058112756,-0.8089283693439729,0.6339387622991741
4000,3.0,0.3048,31.7,0.00529514,115.608,0.31759321288290265,-0.6240734185880423,1.7730673119211406,-1.2582500058112756,-0.43648762433165866,-1.3437713720607398
5000,3.3,0.1016,71.3,0.00202822,127.054,0.622636726827112,-0.5728490828516611,-0.3945873215954658,1.2812928680438007,-0.6870677955245058,0.3135146809360817
4000,15.6,0.1016,39.6,0.0528487,106.604,0.31759321288290265,1.527348682339973,-0.3945873215954658,-0.751624028451298,3.210978247385227,-2.6474760392967513
1600,4.2,0.0508,39.6,0.00152689,130.197,-0.4145112205831998,-0.4191760756425171,-0.9365009799746172,-0.751624028451298,-0.7255209432061479,0.7685950640016952
5000,5.4,0.1524,39.6,0.00485029,117.037,0.622636726827112,-0.2142787326969918,0.1473263367836859,-0.751624028451298,-0.4706086279543792,-1.136864000950093
2000,12.6,0.1524,71.3,0.0483159,117.504,-0.292493815005516,1.0151053249761597,0.1473263367836859,1.2812928680438007,2.8633022100219194,-1.0692462666543117
3150,0.0,0.1016,55.5,0.00131983,131.78,0.058306226030324725,-1.1363167759518555,-0.3945873215954658,0.2680409133238462,-0.7414029146799492,0.9978003603405006
1000,0.0,0.1524,39.6,0.00193287,130.033,-0.5975373289497253,-1.1363167759518555,0.1473263367836859,-0.751624028451298,-0.6943813567146293,0.7448492215509259
1250,5.4,0.1524,55.5,0.00433288,130.777,-0.521276450463673,-0.2142787326969918,0.1473263367836859,0.2680409133238462,-0.5102951480947228,0.8525742629129419
1600,8.4,0.0508,71.3,0.00529514,133.846,-0.4145112205831998,0.29796462466682133,-0.9365009799746172,1.2812928680438007,-0.43648762433165866,1.2969400585312605
800,2.7,0.1524,71.3,0.00243851,127.394,-0.6585460317385673,-0.6752977543244236,0.1473263367836859,1.2812928680438007,-0.6555976222607856,0.36274386650474544
500,9.9,0.1524,71.3,0.0193001,131.279,-0.75005908592183,0.5540863033487279,0.1473263367836859,1.2812928680438007,0.637724561564836,0.9252597074878519
250,12.7,0.0254,71.3,0.0121808,119.698,-0.8263199644078824,1.0321801035549534,-1.207457809164193,1.2812928680438007,0.09165810974684334,-0.7515732280141747
4000,3.3,0.1016,31.7,0.00251435,124.852,0.31759321288290265,-0.5728490828516611,-0.3945873215954658,-1.2582500058112756,-0.6497805223063129,-0.005316691482142877
2000,4.2,0.0508,39.6,0.00152689,132.587,-0.292493815005516,-0.4191760756425171,-0.9365009799746172,-0.751624028451298,-0.7255209432061479,1.1146472802049436
1000,3.0,0.3048,55.5,0.00452492,129.329,-0.5975373289497253,-0.6240734185880423,1.7730673119211406,0.2680409133238462,-0.4955652446762508,0.6429158490793438
1250,0.0,0.0508,55.5,0.00076193,127.076,-0.521276450463673,-1.1363167759518555,-0.9365009799746172,0.2680409133238462,-0.7841951096245727,0.31670009882581746
200,9.5,0.0254,39.6,0.00449821,116.074,-0.8415721401050928,0.4857871890335528,-1.207457809164193,-0.751624028451298,-0.4976139622366933,-1.27629842948722
400,8.4,0.0508,31.7,0.00580776,120.076,-0.780563437316251,0.29796462466682133,-0.9365009799746172,-1.2582500058112756,-0.3971685080518363,-0.696841956999602
2000,3.0,0.3048,55.5,0.00452492,123.069,-0.292493815005516,-0.6240734185880423,1.7730673119211406,0.2680409133238462,-0.4955652446762508,-0.2634803322731035
2500,9.9,0.1524,55.5,0.0208438,118.365,-0.13997205803341134,0.5540863033487279,0.1473263367836859,0.2680409133238462,0.7561298516455229,-0.9445805937877866
800,9.9,0.1524,71.3,0.0193001,128.879,-0.6585460317385673,0.5540863033487279,0.1473263367836859,1.2812928680438007,0.637724561564836,0.577759574061993
3150,5.3,0.2286,71.3,0.0051942,123.12,0.058306226030324725,-0.23135351127578566,0.960196824352413,1.2812928680438007,-0.444229951196169,-0.25609595443780375
4000,2.0,0.2286,55.5,0.00313525,122.232,0.31759321288290265,-0.7948212043759801,0.960196824352413,0.2680409133238462,-0.6021560845197621,-0.384671003805372
2000,9.9,0.1524,55.5,0.0208438,119.505,-0.292493815005516,0.5540863033487279,0.1473263367836859,0.2680409133238462,0.7561298516455229,-0.7795180304105038
250,19.7,0.0508,71.3,0.0341183,119.115,-0.8263199644078824,2.227414604070517,-0.9365009799746172,1.2812928680438007,1.774314099346553,-0.8359868020922059
800,8.4,0.0508,39.6,0.00566229,128.435,-0.6585460317385673,0.29796462466682133,-0.9365009799746172,-0.751624028451298,-0.4083263868806486,0.5134720493782109
2500,11.2,0.0508,39.6,0.0150478,122.17,-0.13997205803341134,0.7760584248730468,-0.9365009799746172,-0.751624028451298,0.31156351018820483,-0.3936480905855397
10000,0.0,0.3048,39.6,0.00310138,112.139,2.1478542965481586,-1.1363167759518555,1.7730673119211406,-0.751624028451298,-0.604753990314303,-1.8460538565833666
10000,0.0,0.1016,31.7,0.00150092,115.893,2.1478542965481586,-1.1363167759518555,-0.3945873215954658,-1.2582500058112756,-0.7275129010887647,-1.3025057312164197
10000,0.0,0.0254,39.6,0.000428464,133.376,2.1478542965481586,-1.1363167759518555,-1.207457809164193,-0.751624028451298,-0.8097727079027656,1.2288879490686968
1000,15.4,0.0508,71.3,0.0264269,131.865,-0.5975373289497253,1.4931991251823855,-0.9365009799746172,1.2812928680438007,1.1843662803878199,1.0101076567326674
6300,0.0,0.0508,31.7,0.000812164,130.34,1.019193294954584,-1.1363167759518555,-0.9365009799746172,-1.2582500058112756,-0.7803420479274079,0.789300280284986
6300,15.6,0.1016,39.6,0.0528487,104.204,1.019193294954584,1.527348682339973,-0.3945873215954658,-0.751624028451298,3.210978247385227,-2.9949761727226103
2000,0.0,0.3048,71.3,0.00266337,127.461,-0.292493815005516,-1.1363167759518555,1.7730673119211406,1.2812928680438007,-0.6383503504284714,0.3724449118962163
8000,0.0,0.0254,31.7,0.000439472,137.207,1.53776726865974,-1.1363167759518555,-1.207457809164193,-1.2582500058112756,-0.8089283693439729,1.7835850370497213
8000,3.3,0.1016,71.3,0.00202822,121.234,1.53776726865974,-0.5728490828516611,-0.3945873215954658,1.2812928680438007,-0.6870677955245058,-0.5291731426216253
1250,2.0,0.2286,55.5,0.00313525,128.762,-0.521276450463673,-0.7948212043759801,0.960196824352413,0.2680409133238462,-0.6021560845197621,0.5608189425574839
1600,22.2,0.0254,39.6,0.0229028,122.216,-0.4145112205831998,2.6542840685403615,-1.207457809164193,-0.751624028451298,0.9140598200824828,-0.38698767136154516
800,6.7,0.1016,31.7,0.00592927,132.886,-0.6585460317385673,0.007693388827327192,-0.3945873215954658,-1.2582500058112756,-0.38784841554830307,1.157940005160916
630,7.3,0.2286,31.7,0.0132672,126.189,-0.7104034291090828,0.11014206030008976,0.960196824352413,-1.2582500058112756,0.1749874529765242,0.18826984118051068
6300,0.0,0.0254,31.7,0.000439472,138.537,1.019193294954584,-1.1363167759518555,-1.207457809164193,-1.2582500058112756,-0.8089283693439729,1.9761580276565527
3150,9.5,0.0254,55.5,0.0043284,133.252,0.058306226030324725,0.4857871890335528,-1.207457809164193,0.2680409133238462,-0.5106387742523709,1.2109337755083613
2000,8.4,0.0508,31.7,0.00580776,127.686,-0.292493815005516,0.29796462466682133,-0.9365009799746172,-1.2582500058112756,-0.3971685080518363,0.40502304940489176
6300,3.3,0.1016,31.7,0.00251435,120.702,1.019193294954584,-0.5728490828516611,-0.3945873215954658,-1.2582500058112756,-0.6497805223063129,-0.6062023388643567
1600,4.0,0.2286,71.3,0.00400603,129.468,-0.4145112205831998,-0.4533256328001047,0.960196824352413,1.2812928680438007,-0.5353652841722459,0.6630418984735889
4000,17.4,0.0254,55.5,0.0165706,121.771,0.31759321288290265,1.8346946967582602,-1.207457809164193,0.2680409133238462,0.42836572288164937,-0.4514199877675887
12500,4.0,0.2286,71.3,0.00400603,114.258,2.910463081408682,-0.4533256328001047,0.960196824352413,1.2812928680438007,-0.5353652841722459,-1.5392401971127863
1600,3.0,0.3048,31.7,0.00529514,122.088,-0.4145112205831998,-0.6240734185880423,1.7730673119211406,-1.2582500058112756,-0.43648762433165866,-0.40552101181092426
1250,5.4,0.1524,39.6,0.00485029,127.117,-0.521276450463673,-0.2142787326969918,0.1473263367836859,-0.751624028451298,-0.4706086279543792,0.32263655943851083
315,0.0,0.3048,31.7,0.00331266,122.765,-0.8064921360015088,-1.1363167759518555,1.7730673119211406,-1.2582500058112756,-0.5885483352723598,-0.30749701584037914
2000,17.4,0.0254,55.5,0.0165706,125.261,-0.292493815005516,1.8346946967582602,-1.207457809164193,0.2680409133238462,0.42836572288164937,0.05390312292251259
1000,0.0,0.0508,71.3,0.000740478,129.45,-0.5975373289497253,-1.1363167759518555,-0.9365009799746172,1.2812928680438007,-0.7858405266633827,0.6604356474728947
800,8.4,0.0508,31.7,0.00580776,128.246,-0.6585460317385673,0.29796462466682133,-0.9365009799746172,-1.2582500058112756,-0.3971685080518363,0.4861064138709256
400,12.7,0.0254,71.3,0.0121808,125.048,-0.780563437316251,1.0321801035549534,-1.207457809164193,1.2812928680438007,0.09165810974684334,0.023062486080968576
800,0.0,0.1524,55.5,0.00172668,126.713,-0.6585460317385673,-1.1363167759518555,0.1473263367836859,0.2680409133238462,-0.7101965972158516,0.2641407036451565
20000,0.0,0.0254,71.3,0.000400682,123.217,5.198289435990252,-1.1363167759518555,-1.207457809164193,1.2812928680438007,-0.8119036502937883,-0.24205115737850946
1250,9.9,0.1524,55.5,0.0208438,121.635,-0.521276450463673,0.5540863033487279,0.1473263367836859,0.2680409133238462,0.7561298516455229,-0.4711116619950534
1600,7.3,0.2286,71.3,0.0104404,125.728,-0.4145112205831998,0.11014206030008976,0.960196824352413,1.2812928680438007,-0.041834516318083576,0.12152085721829398
630,2.7,0.1524,71.3,0.00243851,127.404,-0.7104034291090828,-0.6752977543244236,0.1473263367836859,1.2812928680438007,-0.6555976222607856,0.36419178372735184
1000,4.0,0.2286,55.5,0.0042862,132.134,-0.5975373289497253,-0.4533256328001047,0.960196824352413,0.2680409133238462,-0.5138756099337889,1.0490566300208124
1600,0.0,0.3048,55.5,0.00283081,126.986,-0.4145112205831998,-1.1363167759518555,1.7730673119211406,0.2680409133238462,-0.6255073227863711,0.3036688438223494
1000,9.9,0.1524,31.7,0.0252785,122.149,-0.5975373289497253,0.5540863033487279,0.1473263367836859,-1.2582500058112756,1.0962813965835438,-0.39668871675301604
800,0.0,0.3048,39.6,0.00310138,129.099,-0.6585460317385673,-1.1363167759518555,1.7730673119211406,-0.751624028451298,-0.604753990314303,0.6096137529593632
200,15.4,0.0508,39.6,0.0282593,121.783,-0.8415721401050928,1.4931991251823855,-0.9365009799746172,-0.751624028451298,1.3249155150473075,-0.4496824871004593
2500,8.4,0.0508,39.6,0.00566229,127.465,-0.13997205803341134,0.29796462466682133,-0.9365009799746172,-0.751624028451298,-0.4083263868806486,0.3730240787852601
1250,6.7,0.1016,71.3,0.00478288,137.658,-0.521276450463673,0.007693388827327192,-0.3945873215954658,1.2812928680438007,-0.4757791277952415,1.8488861037893294
250,7.3,0.2286,55.5,0.0111706,136.384,-0.8263199644078824,0.11014206030008976,0.960196824352413,0.2680409133238462,0.014173479287874517,1.664421449629103
315,15.4,0.0508,31.7,0.0289853,122.845,-0.8064921360015088,1.4931991251823855,-0.9365009799746172,-1.2582500058112756,1.3806013611304706,-0.29591367805951746
6300,2.7,0.1524,39.6,0.00294804,119.209,1.019193294954584,-0.6752977543244236,0.1473263367836859,-0.751624028451298,-0.6165155159870196,-0.822376380199692
4000,0.0,0.0508,39.6,0.000791822,135.308,0.31759321288290265,-1.1363167759518555,-0.9365009799746172,-0.751624028451298,-0.7819023254494792,1.5086255564765108
2000,9.5,0.0254,71.3,0.00420654,134.976,-0.292493815005516,0.4857871890335528,-1.207457809164193,1.2812928680438007,-0.5199857125494703,1.4605547046859346
630,2.0,0.2286,71.3,0.00293031,127.356,-0.7104034291090828,-0.7948212043759801,0.960196824352413,1.2812928680438007,-0.6178754471868191,0.3572417810588344
6300,12.7,0.0254,71.3,0.0121808,125.398,1.019193294954584,1.0321801035549534,-1.207457809164193,1.2812928680438007,0.09165810974684334,0.07373958887223873
8000,4.2,0.0508,71.3,0.00142788,125.268,1.53776726865974,-0.4191760756425171,-0.9365009799746172,1.2812928680438007,-0.7331152346947071,0.05491666497833874
1600,0.0,0.1524,39.6,0.00193287,131.013,-0.4145112205831998,-1.1363167759518555,0.1473263367836859,-0.751624028451298,-0.6943813567146293,0.8867451093664873
5000,3.0,0.3048,31.7,0.00529514,113.858,0.622636726827112,-0.6240734185880423,1.7730673119211406,-1.2582500058112756,-0.43648762433165866,-1.5971568860170946
4000,19.7,0.0508,39.6,0.036484,108.684,0.31759321288290265,2.227414604070517,-0.9365009799746172,-0.751624028451298,1.9557686531742928,-2.3463092569943416
3150,11.2,0.0508,71.3,0.014072,127.141,0.058306226030324725,0.7760584248730468,-0.9365009799746172,1.2812928680438007,0.23671743772546305,0.32611156077276954
5000,7.2,0.1524,39.6,0.00909175,113.288,0.622636726827112,0.09306728172129605,0.1473263367836859,-0.751624028451298,-0.14527902915562893,-1.679688167705737
1250,9.9,0.1524,31.7,0.0252785,118.619,-0.521276450463673,0.5540863033487279,0.1473263367836859,-1.2582500058112756,1.0962813965835438,-0.9078034963335492
400,5.4,0.1524,39.6,0.00485029,127.637,-0.780563437316251,-0.2142787326969918,0.1473263367836859,-0.751624028451298,-0.4706086279543792,0.39792825501411283
500,12.3,0.1016,55.5,0.0368233,133.774,-0.75005908592183,0.9638809892397785,-0.3945873215954658,0.2680409133238462,1.9817937324801016,1.2865150545284842
1000,0.0,0.3048,55.5,0.00283081,126.966,-0.5975373289497253,-1.1363167759518555,1.7730673119211406,0.2680409133238462,-0.6255073227863711,0.3007730093771324
315,3.0,0.3048,39.6,0.00495741,123.312,-0.8064921360015088,-0.6240734185880423,1.7730673119211406,-0.751624028451298,-0.46239228107775604,-0.22829594376373608
1600,15.4,0.0508,31.7,0.0289853,121.485,-0.4145112205831998,1.4931991251823855,-0.9365009799746172,-1.2582500058112756,1.3806013611304706,-0.49283042033417035
12500,0.0,0.0254,55.5,0.00041229,131.453,2.910463081408682,-1.1363167759518555,-1.207457809164193,0.2680409133238462,-0.8110132903745964,0.9504534671612276
6300,12.3,0.1016,31.7,0.0418756,107.267,1.019193294954584,0.9638809892397785,-0.3945873215954658,-1.2582500058112756,2.369316597722477,-2.5514791274378585
2000,0.0,0.2286,71.3,0.00214345,128.244,-0.292493815005516,-1.1363167759518555,0.960196824352413,1.2812928680438007,-0.6782293932598187,0.48581683042640267
2000,12.7,0.0254,39.6,0.0130253,129.567,-0.292493815005516,1.0321801035549534,-1.207457809164193,-0.751624028451298,0.15643317450886976,0.677376278977408
12500,0.0,0.0254,39.6,0.000428464,129.116,2.910463081408682,-1.1363167759518555,-1.207457809164193,-0.751624028451298,-0.8097727079027656,0.6120752122377998
1600,12.3,0.1016,31.7,0.0418756,114.477,-0.4145112205831998,0.9638809892397785,-0.3945873215954658,-1.2582500058112756,2.369316597722477,-1.5075308099376754
1600,3.3,0.1016,31.7,0.00251435,133.402,-0.4145112205831998,-0.5728490828516611,-0.3945873215954658,-1.2582500058112756,-0.6497805223063129,1.2326525338474743
3150,7.2,0.1524,71.3,0.00752039,116.783,0.058306226030324725,0.09306728172129605,0.1473263367836859,1.2812928680438007,-0.265805903950724,-1.1736410984043304
1000,4.0,0.3048,39.6,0.00579636,128.723,-0.5975373289497253,-0.4533256328001047,1.7730673119211406,-0.751624028451298,-0.39804291389942315,0.5551720653893155
800,4.0,0.2286,71.3,0.00400603,130.688,-0.6585460317385673,-0.4533256328001047,0.960196824352413,1.2812928680438007,-0.5353652841722459,0.8396877996317332
8000,0.0,0.1524,39.6,0.00193287,120.553,1.53776726865974,-1.1363167759518555,0.1473263367836859,-0.751624028451298,-0.6943813567146293,-0.6277763054812122
2000,12.3,0.1016,71.3,0.0337792,122.218,-0.292493815005516,0.9638809892397785,-0.3945873215954658,1.2812928680438007,1.748304360494211,-0.3866980879170222
1600,0.0,0.1016,55.5,0.00131983,132.05,-0.4145112205831998,-1.1363167759518555,-0.3945873215954658,0.2680409133238462,-0.7414029146799492,1.036894125350911
630,0.0,0.1016,71.3,0.00121072,124.155,-0.7104034291090828,-1.1363167759518555,-0.3945873215954658,1.2812928680438007,-0.7497718990685633,-0.1062365218979029
2500,2.7,0.1524,71.3,0.00243851,128.334,-0.13997205803341134,-0.6752977543244236,0.1473263367836859,1.2812928680438007,-0.6555976222607856,0.49884808542987286
500,9.5,0.0254,55.5,0.0043284,123.082,-0.75005908592183,0.4857871890335528,-1.207457809164193,0.2680409133238462,-0.5106387742523709,-0.2615980398837147
3150,0.0,0.1524,55.5,0.00172668,127.753,0.058306226030324725,-1.1363167759518555,0.1473263367836859,0.2680409133238462,-0.7101965972158516,0.4147240947963626
315,4.0,0.3048,71.3,0.00497773,128.175,-0.8064921360015088,-0.4533256328001047,1.7730673119211406,1.2812928680438007,-0.46083369100556615,0.47582620159041095
200,17.4,0.0254,31.7,0.0176631,116.146,-0.8415721401050928,1.8346946967582602,-1.207457809164193,-1.2582500058112756,0.5121629499420566,-1.2658734254844437
800,0.0,0.3048,55.5,0.00283081,128.086,-0.6585460317385673,-1.1363167759518555,1.7730673119211406,0.2680409133238462,-0.6255073227863711,0.46293973830920226
1000,9.5,0.0254,55.5,0.0043284,130.332,-0.5975373289497253,0.4857871890335528,-1.207457809164193,0.2680409133238462,-0.5106387742523709,0.7881419465068984
1250,5.4,0.1524,71.3,0.00401199,134.111,-0.521276450463673,-0.2142787326969918,0.1473263367836859,1.2812928680438007,-0.5349081386589462,1.3353098649303636
4000,9.9,0.1524,55.5,0.0208438,112.945,0.31759321288290265,0.5540863033487279,0.1473263367836859,0.2680409133238462,0.7561298516455229,-1.729351728441183
500,22.2,0.0254,39.6,0.0229028,129.776,-0.75005908592183,2.6542840685403615,-1.207457809164193,-0.751624028451298,0.9140598200824828,0.7076377489299104
2000,4.8,0.0254,55.5,0.000873218,125.054,-0.292493815005516,-0.31672740416975453,-1.207457809164193,0.2680409133238462,-0.775659067697709,0.023931236414533253
2000,0.0,0.1016,55.5,0.00131983,132.54,-0.292493815005516,-1.1363167759518555,-0.3945873215954658,0.2680409133238462,-0.7414029146799492,1.1078420692586877
2500,19.7,0.0508,39.6,0.036484,116.184,-0.13997205803341134,2.227414604070517,-0.9365009799746172,-0.751624028451298,1.9557686531742928,-1.2603713400385348
400,12.3,0.1016,71.3,0.0337792,139.428,-0.780563437316251,0.9638809892397785,-0.3945873215954658,1.2812928680438007,1.748304360494211,2.1051674521909014
5000,2.0,0.2286,39.6,0.00346574,118.827,0.622636726827112,-0.7948212043759801,0.960196824352413,-0.751624028451298,-0.5768067521891497,-0.8776868181033084
10000,4.2,0.0508,39.6,0.00152689,116.967,2.1478542965481586,-0.4191760756425171,-0.9365009799746172,-0.751624028451298,-0.7255209432061479,-1.1469994215083483
3150,0.0,0.2286,39.6,0.00253511,124.625,0.058306226030324725,-1.1363167759518555,0.960196824352413,-0.751624028451298,-0.6481881832364969,-0.03818441243533918
8000,0.0,0.3048,55.5,0.00283081,116.476,1.53776726865974,-1.1363167759518555,1.7730673119211406,0.2680409133238462,-0.6255073227863711,-1.2180921571383885
6300,7.3,0.2286,39.6,0.0123481,110.839,1.019193294954584,0.11014206030008976,0.960196824352413,-0.751624028451298,0.10449039907151718,-2.034283095522373
400,12.3,0.1016,31.7,0.0418756,123.207,-0.780563437316251,0.9638809892397785,-0.3945873215954658,-1.2582500058112756,2.369316597722477,-0.24349907460111794
315,0.0,0.2286,31.7,0.0027238,120.595,-0.8064921360015088,-1.1363167759518555,0.960196824352413,-1.2582500058112756,-0.6337152324135877,-0.6216950531462595
1250,0.0,0.3048,39.6,0.00310138,125.499,-0.521276450463673,-1.1363167759518555,1.7730673119211406,-0.751624028451298,-0.604753990314303,0.0883635528205768
10000,0.0,0.0508,55.5,0.00076193,127.636,2.1478542965481586,-1.1363167759518555,-0.9365009799746172,0.2680409133238462,-0.7841951096245727,0.3977834632918514
630,4.8,0.0254,31.7,0.000930789,120.078,-0.7104034291090828,-0.31672740416975453,-1.207457809164193,-1.2582500058112756,-0.771243241465128,-0.6965523735550792
630,0.0,0.1524,55.5,0.00172668,123.583,-0.7104034291090828,-1.1363167759518555,0.1473263367836859,0.2680409133238462,-0.7101965972158516,-0.18905738703106614
630,0.0,0.1016,31.7,0.00150092,126.413,-0.7104034291090828,-1.1363167759518555,-0.3945873215954658,-1.2582500058112756,-0.7275129010887647,0.22070318696692465
315,15.6,0.1016,71.3,0.0437259,133.808,-0.8064921360015088,1.527348682339973,-0.3945873215954658,1.2812928680438007,2.5112388029672106,1.2914379730853494
2000,9.9,0.1524,31.7,0.0252785,116.859,-0.292493815005516,0.5540863033487279,0.1473263367836859,-1.2582500058112756,1.0962813965835438,-1.1626369275125126
500,8.9,0.1016,71.3,0.0103088,138.523,-0.75005908592183,0.3833385175607902,-0.3945873215954658,1.2812928680438007,-0.051928534698998594,1.9741309435449004
2000,9.9,0.1524,71.3,0.0193001,120.779,-0.292493815005516,0.5540863033487279,0.1473263367836859,1.2812928680438007,0.637724561564836,-0.5950533762502773
2500,12.3,0.1016,39.6,0.0408268,113.315,-0.13997205803341134,0.9638809892397785,-0.3945873215954658,-0.751624028451298,2.2888712597444862,-1.675778791204696
2000,22.2,0.0254,71.3,0.0214178,127.197,-0.292493815005516,2.6542840685403615,-1.207457809164193,1.2812928680438007,0.8001569530941947,0.3342198972193725
2500,17.4,0.0254,71.3,0.016104,126.746,-0.13997205803341134,1.8346946967582602,-1.207457809164193,1.2812928680438007,0.3925764449444539,0.2689188304797622
12500,0.0,0.1016,71.3,0.00121072,119.375,2.910463081408682,-1.1363167759518555,-0.3945873215954658,1.2812928680438007,-0.7497718990685633,-0.7983409543044039
1600,6.7,0.1016,39.6,0.00578076,127.375,-0.4145112205831998,0.007693388827327192,-0.3945873215954658,-0.751624028451298,-0.3992394692698052,0.35999282378178993
1250,8.4,0.0508,71.3,0.00529514,132.086,-0.521276450463673,0.29796462466682133,-0.9365009799746172,1.2812928680438007,-0.43648762433165866,1.0421066273522992
630,4.0,0.3048,71.3,0.00497773,131.615,-0.7104034291090828,-0.4533256328001047,1.7730673119211406,1.2812928680438007,-0.46083369100556615,0.973909726167474
1250,19.7,0.0508,39.6,0.036484,118.634,-0.521276450463673,2.227414604070517,-0.9365009799746172,-0.751624028451298,1.9557686531742928,-0.9056316204996375
800,17.4,0.0254,39.6,0.0172206,135.324,-0.6585460317385673,1.8346946967582602,-1.207457809164193,-0.751624028451298,0.47822219664756654,1.510942224032686
630,8.4,0.0508,39.6,0.00566229,126.045,-0.7104034291090828,0.29796462466682133,-0.9365009799746172,-0.751624028451298,-0.4083263868806486,0.16741983317496045
2000,0.0,0.1016,39.6,0.00146332,133.251,-0.292493815005516,-1.1363167759518555,-0.3945873215954658,-0.751624028451298,-0.7303969063404545,1.2107889837861
1250,15.4,0.0508,71.3,0.0264269,130.845,-0.521276450463673,1.4931991251823855,-0.9365009799746172,1.2812928680438007,1.1843662803878199,0.8624201000266764
2500,15.4,0.0508,39.6,0.0282593,122.413,-0.13997205803341134,1.4931991251823855,-0.9365009799746172,-0.751624028451298,1.3249155150473075,-0.35846370207617223
3150,3.0,0.3048,31.7,0.00529514,118.108,0.058306226030324725,-0.6240734185880423,1.7730673119211406,-1.2582500058112756,-0.43648762433165866,-0.9817920664088042
2000,6.7,0.1016,31.7,0.00592927,120.446,-0.292493815005516,0.007693388827327192,-0.3945873215954658,-1.2582500058112756,-0.38784841554830307,-0.6432690197631149
6300,0.0,0.1524,31.7,0.00209405,119.737,1.019193294954584,-1.1363167759518555,0.1473263367836859,-1.2582500058112756,-0.6820184852660284,-0.7459263508460043
800,12.7,0.0254,39.6,0.0130253,130.217,-0.6585460317385673,1.0321801035549534,-1.207457809164193,-0.751624028451298,0.15643317450886976,0.7714908984469121
2500,0.0,0.1016,55.5,0.00131983,133.04,-0.13997205803341134,-1.1363167759518555,-0.3945873215954658,0.2680409133238462,-0.7414029146799492,1.1802379303890747
1600,3.0,0.3048,71.3,0.00425727,126.514,-0.4145112205831998,-0.6240734185880423,1.7730673119211406,1.2812928680438007,-0.5160946065277089,0.2353271509152627
800,5.4,0.1524,31.7,0.00525474,131.491,-0.6585460317385673,-0.2142787326969918,0.1473263367836859,-1.2582500058112756,-0.4395863959318788,0.9559555526071386
10000,3.3,0.1016,39.6,0.00245138,115.321,2.1478542965481586,-0.5728490828516611,-0.3945873215954658,-0.751624028451298,-0.6546104640802204,-1.3853265963495829
5000,12.7,0.0254,39.6,0.0130253,125.107,0.622636726827112,1.0321801035549534,-1.207457809164193,-0.751624028451298,0.15643317450886976,0.03160519769435389
630,0.0,0.3048,31.7,0.00331266,129.095,-0.7104034291090828,-1.1363167759518555,1.7730673119211406,-1.2582500058112756,-0.5885483352723598,0.6090345860703215
2500,3.0,0.3048,31.7,0.00529514,119.598,-0.13997205803341134,-0.6240734185880423,1.7730673119211406,-1.2582500058112756,-0.43648762433165866,-0.7660524002402513
4000,7.3,0.2286,71.3,0.0104404,119.208,0.31759321288290265,0.11014206030008976,0.960196824352413,1.2812928680438007,-0.041834516318083576,-0.8225211719219534
200,12.3,0.1016,31.7,0.0418756,124.987,-0.8415721401050928,0.9638809892397785,-0.3945873215954658,-1.2582500058112756,2.369316597722477,0.014230191023060326
1250,0.0,0.2286,55.5,0.00229336,127.91,-0.521276450463673,-1.1363167759518555,0.960196824352413,0.2680409133238462,-0.6667309563640516,0.43745639519130364
2500,12.3,0.1016,71.3,0.0337792,121.318,-0.13997205803341134,0.9638809892397785,-0.3945873215954658,1.2812928680438007,1.748304360494211,-0.5170106379517199
2000,12.7,0.0254,71.3,0.0121808,134.228,-0.292493815005516,1.0321801035549534,-1.207457809164193,1.2812928680438007,0.09165810974684334,1.352250496434877
5000,0.0,0.3048,71.3,0.00266337,121.301,0.622636726827112,-1.1363167759518555,1.7730673119211406,1.2812928680438007,-0.6383503504284714,-0.5194720972301524
10000,4.8,0.0254,71.3,0.000848633,127.398,2.1478542965481586,-0.31672740416975453,-1.207457809164193,1.2812928680438007,-0.7775447929400706,0.3633230333937872
1000,6.7,0.1016,71.3,0.00478288,136.758,-0.5975373289497253,0.007693388827327192,-0.3945873215954658,1.2812928680438007,-0.4757791277952415,1.7185735537546358
1250,9.5,0.0254,71.3,0.00420654,131.656,-0.521276450463673,0.4857871890335528,-1.207457809164193,1.2812928680438007,-0.5199857125494703,0.9798461867801652
5000,7.3,0.2286,31.7,0.0132672,111.029,0.622636726827112,0.11014206030008976,0.960196824352413,-1.2582500058112756,0.1749874529765242,-2.006772668292826
4000,2.0,0.2286,71.3,0.00293031,124.086,0.31759321288290265,-0.7948212043759801,0.960196824352413,1.2812928680438007,-0.6178754471868191,-0.11622715073389671
2000,15.4,0.0508,55.5,0.0271925,127.04,-0.292493815005516,1.4931991251823855,-0.9365009799746172,0.2680409133238462,1.2430895362573375,0.31148759682443145
2000,3.3,0.1016,55.5,0.002211,133.649,-0.292493815005516,-0.5728490828516611,-0.3945873215954658,0.2680409133238462,-0.6730481551015299,1.2684160892458876
2500,15.4,0.0508,71.3,0.0264269,127.625,-0.13997205803341134,1.4931991251823855,-0.9365009799746172,1.2812928680438007,1.1843662803878199,0.3961907543469835
1000,12.3,0.1016,71.3,0.0337792,127.928,-0.5975373289497253,0.9638809892397785,-0.3945873215954658,1.2812928680438007,1.748304360494211,0.4400626461919977
3150,7.2,0.1524,39.6,0.00909175,111.818,0.058306226030324725,0.09306728172129605,0.1473263367836859,-0.751624028451298,-0.14527902915562893,-1.892531999429075
250,4.0,0.2286,31.7,0.00509068,120.189,-0.8263199644078824,-0.4533256328001047,0.960196824352413,-1.2582500058112756,-0.4521701699103963,-0.6804804923841347
4000,0.0,0.1016,31.7,0.00150092,126.933,0.31759321288290265,-1.1363167759518555,-0.3945873215954658,-1.2582500058112756,-0.7275129010887647,0.2959948825425287
1000,2.0,0.2286,55.5,0.00313525,129.002,-0.5975373289497253,-0.7948212043759801,0.960196824352413,0.2680409133238462,-0.6021560845197621,0.595568955900071
2000,3.0,0.3048,31.7,0.00529514,120.088,-0.292493815005516,-0.6240734185880423,1.7730673119211406,-1.2582500058112756,-0.43648762433165866,-0.6951044563324728
1250,0.0,0.1524,55.5,0.00172668,129.953,-0.521276450463673,-1.1363167759518555,0.1473263367836859,0.2680409133238462,-0.7101965972158516,0.7332658837700663
2500,9.9,0.1524,71.3,0.0193001,119.639,-0.13997205803341134,0.5540863033487279,0.1473263367836859,1.2812928680438007,0.637724561564836,-0.7601159396275601
200,15.6,0.1016,39.6,0.0528487,123.514,-0.8415721401050928,1.527348682339973,-0.3945873215954658,-0.751624028451298,3.210978247385227,-0.19904801586705995
630,12.3,0.1016,55.5,0.0368233,124.244,-0.7104034291090828,0.9638809892397785,-0.3945873215954658,0.2680409133238462,1.9817937324801016,-0.0933500586166942
3150,5.4,0.1524,71.3,0.00401199,123.311,0.058306226030324725,-0.2142787326969918,0.1473263367836859,1.2812928680438007,-0.5349081386589462,-0.2284407354859955
2000,15.4,0.0508,31.7,0.0289853,120.835,-0.292493815005516,1.4931991251823855,-0.9365009799746172,-1.2582500058112756,1.3806013611304706,-0.5869450398036744
1250,0.0,0.1524,39.6,0.00193287,131.023,-0.521276450463673,-1.1363167759518555,0.1473263367836859,-0.751624028451298,-0.6943813567146293,0.8881930265890937
2500,6.7,0.1016,55.5,0.0052139,124.273,-0.13997205803341134,0.007693388827327192,-0.3945873215954658,0.2680409133238462,-0.44271891652972506,-0.08915109867113227
1000,17.4,0.0254,55.5,0.0165706,126.001,-0.5975373289497253,1.8346946967582602,-1.207457809164193,0.2680409133238462,0.42836572288164937,0.16104899739548684
800,3.0,0.3048,31.7,0.00529514,128.708,-0.6585460317385673,-0.6240734185880423,1.7730673119211406,-1.2582500058112756,-0.43648762433165866,0.5530001895554018
3150,7.3,0.2286,71.3,0.0104404,120.458,0.058306226030324725,0.11014206030008976,0.960196824352413,1.2812928680438007,-0.041834516318083576,-0.6415315190959856
800,19.7,0.0508,39.6,0.036484,119.174,-0.6585460317385673,2.227414604070517,-0.9365009799746172,-0.751624028451298,1.9557686531742928,-0.8274440904788185
6300,8.9,0.1016,39.6,0.0124596,113.11,1.019193294954584,0.3833385175607902,-0.3945873215954658,-0.751624028451298,0.1130427018790552,-1.7054610942681545
5000,9.9,0.1524,55.5,0.0208438,112.065,0.622636726827112,0.5540863033487279,0.1473263367836859,0.2680409133238462,0.7561298516455229,-1.8567684440306638
6300,0.0,0.1524,71.3,0.0015988,125.427,1.019193294954584,-1.1363167759518555,0.1473263367836859,1.2812928680438007,-0.7200052831622907,0.07793854881780271
4000,4.0,0.3048,39.6,0.00579636,115.863,0.31759321288290265,-0.4533256328001047,1.7730673119211406,-0.751624028451298,-0.39804291389942315,-1.306849482884243
200,17.4,0.0254,71.3,0.016104,112.506,-0.8415721401050928,1.8346946967582602,-1.207457809164193,1.2812928680438007,0.3925764449444539,-1.792915294513662
8000,22.2,0.0254,71.3,0.0214178,121.657,1.53776726865974,2.6542840685403615,-1.207457809164193,1.2812928680438007,0.8001569530941947,-0.4679262441053176
5000,7.2,0.1524,71.3,0.00752039,118.343,0.622636726827112,0.09306728172129605,0.1473263367836859,1.2812928680438007,-0.265805903950724,-0.9477660116775224
400,3.0,0.3048,31.7,0.00529514,125.398,-0.780563437316251,-0.6240734185880423,1.7730673119211406,-1.2582500058112756,-0.43648762433165866,0.07373958887223873
800,0.0,0.0508,39.6,0.000791822,126.508,-0.6585460317385673,-1.1363167759518555,-0.9365009799746172,-0.751624028451298,-0.7819023254494792,0.23445840058169803
16000,0.0,0.0254,55.5,0.00041229,125.683,3.978115380213415,-1.1363167759518555,-1.207457809164193,0.2680409133238462,-0.8110132903745964,0.11500522971656095
10000,0.0,0.2286,71.3,0.00214345,118.134,2.1478542965481586,-1.1363167759518555,0.960196824352413,1.2812928680438007,-0.6782293932598187,-0.9780274816300246
5000,15.4,0.0508,71.3,0.0264269,119.135,0.622636726827112,1.4931991251823855,-0.9365009799746172,1.2812928680438007,1.1843662803878199,-0.833090967646989
2000,2.0,0.2286,39.6,0.00346574,122.797,-0.292493815005516,-0.7948212043759801,0.960196824352413,-0.751624028451298,-0.5768067521891497,-0.3028636807280349
2000,2.0,0.2286,31.7,0.00372371,123.037,-0.292493815005516,-0.7948212043759801,0.960196824352413,-1.2582500058112756,-0.5570198682854671,-0.2681136673854478
800,8.9,0.1016,39.6,0.0124596,130.94,-0.6585460317385673,0.3833385175607902,-0.3945873215954658,-0.751624028451298,0.1130427018790552,0.8761753136414497
2000,7.3,0.2286,71.3,0.0104404,122.708,-0.292493815005516,0.11014206030008976,0.960196824352413,1.2812928680438007,-0.041834516318083576,-0.3157501440092436
4000,3.0,0.3048,55.5,0.00452492,118.689,0.31759321288290265,-0.6240734185880423,1.7730673119211406,0.2680409133238462,-0.4955652446762508,-0.897668075775296
3150,17.4,0.0254,31.7,0.0176631,123.466,0.058306226030324725,1.8346946967582602,-1.207457809164193,-1.2582500058112756,0.5121629499420566,-0.2059980185355774
400,0.0,0.2286,55.5,0.00229336,121.66,-0.780563437316251,-1.1363167759518555,0.960196824352413,0.2680409133238462,-0.6667309563640516,-0.4674918689385352
1250,8.4,0.0508,31.7,0.00580776,130.156,-0.521276450463673,0.29796462466682133,-0.9365009799746172,-1.2582500058112756,-0.3971685080518363,0.7626586033890039
800,2.0,0.2286,71.3,0.00293031,128.216,-0.6585460317385673,-0.7948212043759801,0.960196824352413,1.2812928680438007,-0.6178754471868191,0.4817626622031022
200,12.3,0.1016,55.5,0.0368233,132.304,-0.8415721401050928,0.9638809892397785,-0.3945873215954658,0.2680409133238462,1.9817937324801016,1.0736712228051464
1250,12.3,0.1016,55.5,0.0368233,124.214,-0.521276450463673,0.9638809892397785,-0.3945873215954658,0.2680409133238462,1.9817937324801016,-0.09769381028451758
800,17.4,0.0254,71.3,0.016104,124.276,-0.6585460317385673,1.8346946967582602,-1.207457809164193,1.2812928680438007,0.3925764449444539,-0.08871672350434993
2000,5.3,0.2286,39.6,0.00614329,117.911,-0.292493815005516,-0.23135351127578566,0.960196824352413,-0.751624028451298,-0.3714325962938698,-1.0103160356941772
2500,3.3,0.1016,39.6,0.00245138,130.791,-0.13997205803341134,-0.5728490828516611,-0.3945873215954658,-0.751624028451298,-0.6546104640802204,0.8546013470245942
4000,11.2,0.0508,71.3,0.014072,122.471,0.31759321288290265,0.7760584248730468,-0.9365009799746172,1.2812928680438007,0.23671743772546305,-0.35006578218504636
800,0.0,0.2286,39.6,0.00253511,130.205,-0.6585460317385673,-1.1363167759518555,0.960196824352413,-0.751624028451298,-0.6481881832364969,0.7697533977797828
3150,9.9,0.1524,71.3,0.0193001,116.849,0.058306226030324725,0.5540863033487279,0.1473263367836859,1.2812928680438007,0.637724561564836,-1.164084844735119
1000,0.0,0.3048,71.3,0.00266337,125.201,-0.5975373289497253,-1.1363167759518555,1.7730673119211406,1.2812928680438007,-0.6383503504284714,0.04521561958686581
400,3.0,0.3048,55.5,0.00452492,126.159,-0.780563437316251,-0.6240734185880423,1.7730673119211406,0.2680409133238462,-0.4955652446762508,0.18392608951268935
630,12.6,0.1524,71.3,0.0483159,123.304,-0.7104034291090828,1.0151053249761597,0.1473263367836859,1.2812928680438007,2.8633022100219194,-0.22945427754182163
1600,12.3,0.1016,55.5,0.0368233,121.824,-0.4145112205831998,0.9638809892397785,-0.3945873215954658,0.2680409133238462,1.9817937324801016,-0.44374602648776806
400,19.7,0.0508,39.6,0.036484,130.614,-0.780563437316251,2.227414604070517,-0.9365009799746172,-0.751624028451298,1.9557686531742928,0.8289732121844383
800,3.3,0.1016,39.6,0.00245138,129.991,-0.6585460317385673,-0.5728490828516611,-0.3945873215954658,-0.751624028451298,-0.6546104640802204,0.7387679692159773
6300,0.0,0.1016,31.7,0.00150092,124.253,1.019193294954584,-1.1363167759518555,-0.3945873215954658,-1.2582500058112756,-0.7275129010887647,-0.09204693311634718
1250,6.7,0.1016,55.5,0.0052139,136.883,-0.521276450463673,0.007693388827327192,-0.3945873215954658,0.2680409133238462,-0.44271891652972506,1.7366725190372327
400,7.3,0.2286,31.7,0.0132672,130.269,-0.780563437316251,0.11014206030008976,0.960196824352413,-1.2582500058112756,0.1749874529765242,0.7790200680044713
1000,12.7,0.0254,39.6,0.0130253,130.947,-0.5975373289497253,1.0321801035549534,-1.207457809164193,-0.751624028451298,0.15643317450886976,0.8771888556972759
1000,0.0,0.1016,55.5,0.00131983,129.8,-0.5975373289497253,-1.1363167759518555,-0.3945873215954658,0.2680409133238462,-0.7414029146799492,0.7111127502641691
315,9.9,0.1524,39.6,0.0233328,128.595,-0.8064921360015088,0.5540863033487279,0.1473263367836859,-0.751624028451298,0.9470417950353204,0.5366387249399344
1600,6.7,0.1016,31.7,0.00592927,124.346,-0.4145112205831998,0.007693388827327192,-0.3945873215954658,-1.2582500058112756,-0.38784841554830307,-0.07858130294609467
1250,0.0,0.1016,55.5,0.00131983,131.43,-0.521276450463673,-1.1363167759518555,-0.3945873215954658,0.2680409133238462,-0.7414029146799492,0.9471232575492304
1000,3.3,0.1016,31.7,0.00251435,133.012,-0.5975373289497253,-0.5728490828516611,-0.3945873215954658,-1.2582500058112756,-0.6497805223063129,1.1761837621657742
500,4.0,0.2286,55.5,0.0042862,127.314,-0.75005908592183,-0.4533256328001047,0.960196824352413,0.2680409133238462,-0.5138756099337889,0.3511605287238817
400,9.9,0.1524,55.5,0.0208438,131.605,-0.780563437316251,0.5540863033487279,0.1473263367836859,0.2680409133238462,0.7561298516455229,0.9724618089448634
200,12.6,0.1524,39.6,0.0584113,114.75,-0.8415721401050928,1.0151053249761597,0.1473263367836859,-0.751624028451298,3.637642279647214,-1.4680026697604847
800,0.0,0.1016,31.7,0.00150092,129.053,-0.6585460317385673,-1.1363167759518555,-0.3945873215954658,-1.2582500058112756,-0.7275129010887647,0.6029533337353686
2000,0.0,0.0254,55.5,0.00041229,127.623,-0.292493815005516,-1.1363167759518555,-1.207457809164193,0.2680409133238462,-0.8110132903745964,0.39590117090246263
8000,7.2,0.1524,39.6,0.00909175,111.588,1.53776726865974,0.09306728172129605,0.1473263367836859,-0.751624028451298,-0.14527902915562893,-1.9258340955490536
400,9.9,0.1524,71.3,0.0193001,135.079,-0.780563437316251,0.5540863033487279,0.1473263367836859,1.2812928680438007,0.637724561564836,1.4754682520787956
630,3.3,0.1016,55.5,0.002211,126.599,-0.7104034291090828,-0.5728490828516611,-0.3945873215954658,0.2680409133238462,-0.6730481551015299,0.24763444730742967
4000,0.0,0.1016,71.3,0.00121072,130.935,0.31759321288290265,-1.1363167759518555,-0.3945873215954658,1.2812928680438007,-0.7497718990685633,0.8754513550301465
1000,12.3,0.1016,31.7,0.0418756,119.777,-0.5975373289497253,0.9638809892397785,-0.3945873215954658,-1.2582500058112756,2.369316597722477,-0.7401346819555724
630,0.0,0.1016,55.5,0.00131983,126.17,-0.7104034291090828,-1.1363167759518555,-0.3945873215954658,0.2680409133238462,-0.7414029146799492,0.18551879845755723
1600,8.9,0.1016,71.3,0.0103088,128.763,-0.4145112205831998,0.3833385175607902,-0.3945873215954658,1.2812928680438007,-0.051928534698998594,0.5609637342797453
6300,4.2,0.0508,39.6,0.00152689,125.717,1.019193294954584,-0.4191760756425171,-0.9365009799746172,-0.751624028451298,-0.7255209432061479,0.11992814827342609
200,9.9,0.1524,55.5,0.0208438,131.955,-0.8415721401050928,0.5540863033487279,0.1473263367836859,0.2680409133238462,0.7561298516455229,1.0231389117361376
6300,4.8,0.0254,71.3,0.000848633,134.498,1.019193294954584,-0.31672740416975453,-1.207457809164193,1.2812928680438007,-0.7775447929400706,1.3913442614452833
630,5.4,0.1524,55.5,0.00433288,131.807,-0.7104034291090828,-0.2142787326969918,0.1473263367836859,0.2680409133238462,-0.5102951480947228,1.0017097368415395
500,9.9,0.1524,31.7,0.0252785,127.179,-0.75005908592183,0.5540863033487279,0.1473263367836859,-1.2582500058112756,1.0962813965835438,0.33161364621867845
2500,5.4,0.1524,39.6,0.00485029,120.497,-0.13997205803341134,-0.2142787326969918,0.1473263367836859,-0.751624028451298,-0.4706086279543792,-0.6358846419278152
3150,9.5,0.0254,31.7,0.00461377,128.536,0.058306226030324725,0.4857871890335528,-1.207457809164193,-1.2582500058112756,-0.48875024822378654,0.528096013326549
10000,0.0,0.1016,55.5,0.00131983,121.93,2.1478542965481586,-1.1363167759518555,-0.3945873215954658,0.2680409133238462,-0.7414029146799492,-0.4283981039281247
400,17.4,0.0254,39.6,0.0172206,115.444,-0.780563437316251,1.8346946967582602,-1.207457809164193,-0.751624028451298,0.47822219664756654,-1.3675172145115069
12500,2.7,0.1524,71.3,0.00243851,113.034,2.910463081408682,-0.6752977543244236,0.1473263367836859,1.2812928680438007,-0.6555976222607856,-1.7164652651599723
1000,9.5,0.0254,71.3,0.00420654,129.556,-0.5975373289497253,0.4857871890335528,-1.207457809164193,1.2812928680438007,-0.5199857125494703,0.6757835700325402
12500,2.7,0.1524,39.6,0.00294804,108.649,2.910463081408682,-0.6752977543244236,0.1473263367836859,-0.751624028451298,-0.6165155159870196,-2.351376967273468
5000,17.4,0.0254,39.6,0.0172206,119.854,0.622636726827112,1.8346946967582602,-1.207457809164193,-0.751624028451298,0.47822219664756654,-0.7289857193414931
8000,0.0,0.0508,55.5,0.00076193,130.156,1.53776726865974,-1.1363167759518555,-0.9365009799746172,0.2680409133238462,-0.7841951096245727,0.7626586033890039
3150,8.9,0.1016,71.3,0.0103088,123.263,0.058306226030324725,0.3833385175607902,-0.3945873215954658,1.2812928680438007,-0.051928534698998594,-0.23539073815451292
500,0.0,0.1524,39.6,0.00193287,119.513,-0.75005908592183,-1.1363167759518555,0.1473263367836859,-0.751624028451298,-0.6943813567146293,-0.7783596966324162
10000,1.5,0.3048,39.6,0.00392107,108.991,2.1478542965481586,-0.8801950972699489,1.7730673119211406,-0.751624028451298,-0.541881908804788,-2.3018581982602835
2500,4.8,0.0254,55.5,0.000873218,129.144,-0.13997205803341134,-0.31672740416975453,-1.207457809164193,0.2680409133238462,-0.775659067697709,0.6161293804611003
3150,5.4,0.1524,55.5,0.00433288,121.587,0.058306226030324725,-0.2142787326969918,0.1473263367836859,0.2680409133238462,-0.5102951480947228,-0.4780616646635708
6300,0.0,0.1016,55.5,0.00131983,127.73,1.019193294954584,-1.1363167759518555,-0.3945873215954658,0.2680409133238462,-0.7414029146799492,0.41139388518436537
2000,0.0,0.0508,55.5,0.00076193,131.456,-0.292493815005516,-1.1363167759518555,-0.9365009799746172,0.2680409133238462,-0.7841951096245727,0.9508878423280079
1250,11.2,0.0508,39.6,0.0150478,130.05,-0.521276450463673,0.7760584248730468,-0.9365009799746172,-0.751624028451298,0.31156351018820483,0.7473106808293626
630,15.4,0.0508,55.5,0.0271925,129.33,-0.7104034291090828,1.4931991251823855,-0.9365009799746172,0.2680409133238462,1.2430895362573375,0.6430606408016053
3150,4.8,0.0254,39.6,0.000907475,133.436,0.058306226030324725,-0.31672740416975453,-1.207457809164193,-0.751624028451298,-0.7730314781257105,1.2375754524043434
1000,0.0,0.2286,55.5,0.00229336,128.29,-0.5975373289497253,-1.1363167759518555,0.960196824352413,0.2680409133238462,-0.6667309563640516,0.4924772496503972
315,7.3,0.2286,71.3,0.0104404,139.808,-0.8064921360015088,0.11014206030008976,0.960196824352413,1.2812928680438007,-0.041834516318083576,2.160188306649995
5000,4.2,0.0508,39.6,0.00152689,129.777,0.622636726827112,-0.4191760756425171,-0.9365009799746172,-0.751624028451298,-0.7255209432061479,0.7077825406521677
250,15.4,0.0508,71.3,0.0264269,124.835,-0.8263199644078824,1.4931991251823855,-0.9365009799746172,1.2812928680438007,1.1843662803878199,-0.007778150760577503
1000,7.3,0.2286,71.3,0.0104404,126.838,-0.5975373289497253,0.11014206030008976,0.960196824352413,1.2812928680438007,-0.041834516318083576,0.28223966892775326
1250,0.0,0.0508,31.7,0.000812164,129.27,-0.521276450463673,-1.1363167759518555,-0.9365009799746172,-1.2582500058112756,-0.7803420479274079,0.6343731374659586
315,8.9,0.1016,71.3,0.0103088,136.583,-0.8064921360015088,0.3833385175607902,-0.3945873215954658,1.2812928680438007,-0.051928534698998594,1.6932350023589988
800,0.0,0.1016,71.3,0.00121072,126.805,-0.6585460317385673,-1.1363167759518555,-0.3945873215954658,1.2812928680438007,-0.7497718990685633,0.2774615420931496
16000,4.8,0.0254,55.5,0.000873218,124.394,3.978115380213415,-0.31672740416975453,-1.207457809164193,0.2680409133238462,-0.775659067697709,-0.07163130027757723
4000,9.9,0.1524,71.3,0.0193001,115.079,0.31759321288290265,0.5540863033487279,0.1473263367836859,1.2812928680438007,0.637724561564836,-1.4203661931366909
250,7.2,0.1524,39.6,0.00909175,127.488,-0.8263199644078824,0.09306728172129605,0.1473263367836859,-0.751624028451298,-0.14527902915562893,0.3763542883972574
3150,19.7,0.0508,39.6,0.036484,113.004,0.058306226030324725,2.227414604070517,-0.9365009799746172,-0.751624028451298,1.9557686531742928,-1.7208090168277956
800,0.0,0.0508,71.3,0.000740478,130.96,-0.6585460317385673,-1.1363167759518555,-0.9365009799746172,1.2812928680438007,-0.7858405266633827,0.8790711480866666
800,9.9,0.1524,31.7,0.0252785,125.539,-0.6585460317385673,0.5540863033487279,0.1473263367836859,-1.2582500058112756,1.0962813965835438,0.09415522171100867
500,3.0,0.3048,71.3,0.00425727,128.454,-0.75005908592183,-0.6240734185880423,1.7730673119211406,1.2812928680438007,-0.5160946065277089,0.5162230921011665
3150,8.4,0.0508,71.3,0.00529514,131.966,0.058306226030324725,0.29796462466682133,-0.9365009799746172,1.2812928680438007,-0.43648762433165866,1.0247316206810055
200,7.3,0.2286,55.5,0.0111706,135.234,-0.8415721401050928,0.11014206030008976,0.960196824352413,0.2680409133238462,0.014173479287874517,1.4979109690292158
1250,0.0,0.1524,31.7,0.00209405,131.467,-0.521276450463673,-1.1363167759518555,0.1473263367836859,-1.2582500058112756,-0.6820184852660284,0.9524805512728799
800,9.5,0.0254,55.5,0.0043284,128.082,-0.6585460317385673,0.4857871890335528,-1.207457809164193,0.2680409133238462,-0.5106387742523709,0.46236057142015635
8000,4.8,0.0254,31.7,0.000930789,127.008,1.53776726865974,-0.31672740416975453,-1.207457809164193,-1.2582500058112756,-0.771243241465128,0.30685426171208513
2500,15.4,0.0508,31.7,0.0289853,119.945,-0.13997205803341134,1.4931991251823855,-0.9365009799746172,-1.2582500058112756,1.3806013611304706,-0.7158096726157636
2500,4.2,0.0508,71.3,0.00142788,131.978,-0.13997205803341134,-0.4191760756425171,-0.9365009799746172,1.2812928680438007,-0.7331152346947071,1.026469121348135
20000,0.0,0.2286,71.3,0.00214345,114.474,5.198289435990252,-1.1363167759518555,0.960196824352413,1.2812928680438007,-0.6782293932598187,-1.5079651851044578
1600,3.0,0.3048,39.6,0.00495741,122.782,-0.4145112205831998,-0.6240734185880423,1.7730673119211406,-0.751624028451298,-0.46239228107775604,-0.3050355565619466
2500,4.8,0.0254,31.7,0.000930789,132.588,-0.13997205803341134,-0.31672740416975453,-1.207457809164193,-1.2582500058112756,-0.771243241465128,1.114792071927205
2500,0.0,0.3048,39.6,0.00310138,121.399,-0.13997205803341134,-1.1363167759518555,1.7730673119211406,-0.751624028451298,-0.604753990314303,-0.5052825084485967
20000,4.8,0.0254,71.3,0.000848633,119.708,5.198289435990252,-0.31672740416975453,-1.207457809164193,1.2812928680438007,-0.7775447929400706,-0.7501253107915663
400,0.0,0.2286,31.7,0.0027238,123.635,-0.780563437316251,-1.1363167759518555,0.960196824352413,-1.2582500058112756,-0.6337152324135877,-0.18152821747350492
500,5.3,0.2286,39.6,0.00614329,132.251,-0.75005908592183,-0.23135351127578566,0.960196824352413,-0.751624028451298,-0.3714325962938698,1.0659972615253257
630,2.0,0.2286,31.7,0.00372371,129.057,-0.7104034291090828,-0.7948212043759801,0.960196824352413,-1.2582500058112756,-0.5570198682854671,0.6035325006244104
3150,7.3,0.2286,55.5,0.0111706,117.134,0.058306226030324725,0.11014206030008976,0.960196824352413,0.2680409133238462,0.014173479287874517,-1.122819203890799
250,7.3,0.2286,71.3,0.0104404,139.918,-0.8263199644078824,0.11014206030008976,0.960196824352413,1.2812928680438007,-0.041834516318083576,2.176115396098682
3150,5.4,0.1524,31.7,0.00525474,118.291,0.058306226030324725,-0.2142787326969918,0.1473263367836859,-1.2582500058112756,-0.4395863959318788,-0.9552951812350836
6300,17.4,0.0254,71.3,0.016104,119.916,1.019193294954584,1.8346946967582602,-1.207457809164193,1.2812928680438007,0.3925764449444539,-0.7200086325613254
630,9.5,0.0254,39.6,0.00449821,126.514,-0.7104034291090828,0.4857871890335528,-1.207457809164193,-0.751624028451298,-0.4976139622366933,0.2353271509152627
315,9.9,0.1524,55.5,0.0208438,132.355,-0.8064921360015088,0.5540863033487279,0.1473263367836859,0.2680409133238462,0.7561298516455229,1.0810556006404441
630,17.4,0.0254,71.3,0.016104,122.606,-0.7104034291090828,1.8346946967582602,-1.207457809164193,1.2812928680438007,0.3925764449444539,-0.3305188996798431
2000,6.7,0.1016,39.6,0.00578076,122.235,-0.292493815005516,0.007693388827327192,-0.3945873215954658,-0.751624028451298,-0.3992394692698052,-0.38423662863858965
5000,2.7,0.1524,71.3,0.00243851,124.364,0.622636726827112,-0.6752977543244236,0.1473263367836859,1.2812928680438007,-0.6555976222607856,-0.07597505194540063
8000,0.0,0.3048,31.7,0.00331266,110.515,1.53776726865974,-1.1363167759518555,1.7730673119211406,-1.2582500058112756,-0.5885483352723598,-2.0811956135348635
500,0.0,0.3048,55.5,0.00283081,126.416,-0.75005908592183,-1.1363167759518555,1.7730673119211406,0.2680409133238462,-0.6255073227863711,0.221137562133707
200,17.4,0.0254,39.6,0.0172206,114.044,-0.8415721401050928,1.8346946967582602,-1.207457809164193,-0.751624028451298,0.47822219664756654,-1.5702256256765916
3150,9.5,0.0254,71.3,0.00420654,136.166,0.058306226030324725,0.4857871890335528,-1.207457809164193,1.2812928680438007,-0.5199857125494703,1.6328568541762556
3150,0.0,0.1524,39.6,0.00193287,125.603,0.058306226030324725,-1.1363167759518555,0.1473263367836859,-0.751624028451298,-0.6943813567146293,0.1034218919356972
630,5.3,0.2286,39.6,0.00614329,132.011,-0.7104034291090828,-0.23135351127578566,0.960196824352413,-0.751624028451298,-0.3714325962938698,1.0312472481827386
5000,4.0,0.3048,39.6,0.00579636,113.733,0.622636726827112,-0.4533256328001047,1.7730673119211406,-0.751624028451298,-0.39804291389942315,-1.6152558512996915
12500,0.0,0.0508,39.6,0.000791822,123.988,2.910463081408682,-1.1363167759518555,-0.9365009799746172,-0.751624028451298,-0.7819023254494792,-0.13041673951545243
400,0.0,0.2286,39.6,0.00253511,123.565,-0.780563437316251,-1.1363167759518555,0.960196824352413,-0.751624028451298,-0.6481881832364969,-0.1916636380317602
2500,4.2,0.0508,39.6,0.00152689,133.847,-0.13997205803341134,-0.4191760756425171,-0.9365009799746172,-0.751624028451298,-0.7255209432061479,1.297084850253522
2500,9.5,0.0254,55.5,0.0043284,134.152,-0.13997205803341134,0.4857871890335528,-1.207457809164193,0.2680409133238462,-0.5106387742523709,1.341246325543055
1600,15.4,0.0508,71.3,0.0264269,130.065,-0.4145112205831998,1.4931991251823855,-0.9365009799746172,1.2812928680438007,1.1843662803878199,0.7494825566632722
1600,4.0,0.2286,39.6,0.00473801,125.319,-0.4145112205831998,-0.4533256328001047,0.960196824352413,-0.751624028451298,-0.47922075853043644,0.062301042813638505
2000,12.6,0.1524,39.6,0.0584113,109.52,-0.292493815005516,1.0151053249761597,0.1473263367836859,-0.751624028451298,3.637642279647214,-2.2252633771843344
3150,2.0,0.2286,31.7,0.00372371,121.527,0.058306226030324725,-0.7948212043759801,0.960196824352413,-1.2582500058112756,-0.5570198682854671,-0.4867491679992176
16000,4.8,0.0254,71.3,0.000848633,124.208,3.978115380213415,-0.31672740416975453,-1.207457809164193,1.2812928680438007,-0.7775447929400706,-0.09856256061808226
3150,0.0,0.1016,39.6,0.00146332,130.961,0.058306226030324725,-1.1363167759518555,-0.3945873215954658,-0.751624028451298,-0.7303969063404545,0.8792159398089281
1000,0.0,0.1524,71.3,0.0015988,127.307,-0.5975373289497253,-1.1363167759518555,0.1473263367836859,1.2812928680438007,-0.7200052831622907,0.3501469866680576
3150,15.6,0.1016,39.6,0.0528487,109.254,0.058306226030324725,1.527348682339973,-0.3945873215954658,-0.751624028451298,3.210978247385227,-2.263777975305699
2500,8.4,0.0508,55.5,0.00544854,131.542,-0.13997205803341134,0.29796462466682133,-0.9365009799746172,0.2680409133238462,-0.4247214965229022,0.9633399304424364
5000,2.0,0.2286,55.5,0.00313525,120.472,0.622636726827112,-0.7948212043759801,0.960196824352413,0.2680409133238462,-0.6021560845197621,-0.6395044349843354
1250,0.0,0.0254,31.7,0.000439472,127.947,-0.521276450463673,-1.1363167759518555,-1.207457809164193,-1.2582500058112756,-0.8089283693439729,0.44281368891495315
315,0.0,0.2286,55.5,0.00229336,119.54,-0.8064921360015088,-1.1363167759518555,0.960196824352413,0.2680409133238462,-0.6667309563640516,-0.7744503201313752
800,4.0,0.3048,71.3,0.00497773,131.755,-0.6585460317385673,-0.4533256328001047,1.7730673119211406,1.2812928680438007,-0.46083369100556615,0.9941805672839804
2000,0.0,0.0508,71.3,0.000740478,131.06,-0.292493815005516,-1.1363167759518555,-0.9365009799746172,1.2812928680438007,-0.7858405266633827,0.8935503203127433
2500,7.3,0.2286,71.3,0.0104404,122.088,-0.13997205803341134,0.11014206030008976,0.960196824352413,1.2812928680438007,-0.041834516318083576,-0.40552101181092426
1600,12.6,0.1524,71.3,0.0483159,120.534,-0.4145112205831998,1.0151053249761597,0.1473263367836859,1.2812928680438007,2.8633022100219194,-0.6305273482041657
10000,12.7,0.0254,71.3,0.0121808,114.418,2.1478542965481586,1.0321801035549534,-1.207457809164193,1.2812928680438007,0.09165810974684334,-1.5160735215510608
5000,5.4,0.1524,55.5,0.00433288,118.757,0.622636726827112,-0.2142787326969918,0.1473263367836859,0.2680409133238462,-0.5102951480947228,-0.8878222386615616
500,12.3,0.1016,71.3,0.0337792,140.158,-0.75005908592183,0.9638809892397785,-0.3945873215954658,1.2812928680438007,1.748304360494211,2.210865409441265
3150,4.8,0.0254,55.5,0.000873218,132.354,0.058306226030324725,-0.31672740416975453,-1.207457809164193,0.2680409133238462,-0.775659067697709,1.0809108089181867
8000,4.8,0.0254,55.5,0.000873218,132.184,1.53776726865974,-0.31672740416975453,-1.207457809164193,0.2680409133238462,-0.775659067697709,1.0562962161338527
315,12.3,0.1016,71.3,0.0337792,137.068,-0.8064921360015088,0.9638809892397785,-0.3945873215954658,1.2812928680438007,1.748304360494211,1.7634589876554763
1000,9.5,0.0254,31.7,0.00461377,131.346,-0.5975373289497253,0.4857871890335528,-1.207457809164193,-1.2582500058112756,-0.48875024822378654,0.9349607528793249
800,0.0,0.2286,55.5,0.00229336,127.53,-0.6585460317385673,-1.1363167759518555,0.960196824352413,0.2680409133238462,-0.6667309563640516,0.3824355407322101
630,0.0,0.3048,39.6,0.00310138,128.629,-0.7104034291090828,-1.1363167759518555,1.7730673119211406,-0.751624028451298,-0.604753990314303,0.5415616434967995
10000,0.0,0.0508,31.7,0.000812164,122.45,2.1478542965481586,-1.1363167759518555,-0.9365009799746172,-1.2582500058112756,-0.7803420479274079,-0.3531064083525227
5000,0.0,0.1524,31.7,0.00209405,122.397,0.622636726827112,-1.1363167759518555,0.1473263367836859,-1.2582500058112756,-0.6820184852660284,-0.36078036963234333
630,15.6,0.1016,71.3,0.0437259,122.288,-0.7104034291090828,1.527348682339973,-0.3945873215954658,1.2812928680438007,2.5112388029672106,-0.37656266735876903
4000,8.9,0.1016,71.3,0.0103088,120.243,0.31759321288290265,0.3833385175607902,-0.3945873215954658,1.2812928680438007,-0.051928534698998594,-0.6726617393820525
4000,1.5,0.3048,39.6,0.00392107,117.741,0.31759321288290265,-0.8801950972699489,1.7730673119211406,-0.751624028451298,-0.541881908804788,-1.034930628478509
800,6.7,0.1016,39.6,0.00578076,134.625,-0.6585460317385673,0.007693388827327192,-0.3945873215954658,-0.751624028451298,-0.3992394692698052,1.409732810172403
2500,15.4,0.0508,55.5,0.0271925,125.63,-0.13997205803341134,1.4931991251823855,-0.9365009799746172,0.2680409133238462,1.2430895362573375,0.10733126843673825
4000,5.4,0.1524,55.5,0.00433288,119.737,0.31759321288290265,-0.2142787326969918,0.1473263367836859,0.2680409133238462,-0.5102951480947228,-0.7459263508460043
400,6.7,0.1016,31.7,0.00592927,128.296,-0.780563437316251,0.007693388827327192,-0.3945873215954658,-1.2582500058112756,-0.38784841554830307,0.4933459999839619
12500,0.0,0.0508,31.7,0.000812164,119.07,2.910463081408682,-1.1363167759518555,-0.9365009799746172,-1.2582500058112756,-0.7803420479274079,-0.842502429593941
5000,0.0,0.2286,31.7,0.0027238,120.505,0.622636726827112,-1.1363167759518555,0.960196824352413,-1.2582500058112756,-0.6337152324135877,-0.6347263081497296
16000,0.0,0.3048,71.3,0.00266337,108.721,3.978115380213415,-1.1363167759518555,1.7730673119211406,1.2812928680438007,-0.6383503504284714,-2.340951963270692
20000,4.0,0.2286,71.3,0.00400603,109.638,5.198289435990252,-0.4533256328001047,0.960196824352413,1.2812928680438007,-0.5353652841722459,-2.208177953957562
800,7.2,0.1524,71.3,0.00752039,136.023,-0.6585460317385673,0.09306728172129605,0.1473263367836859,1.2812928680438007,-0.265805903950724,1.6121516378929648
4000,5.3,0.2286,39.6,0.00614329,115.801,0.31759321288290265,-0.23135351127578566,0.960196824352413,-0.751624028451298,-0.3714325962938698,-1.3158265696644107
1600,3.3,0.1016,71.3,0.00202822,133.664,-0.4145112205831998,-0.5728490828516611,-0.3945873215954658,1.2812928680438007,-0.6870677955245058,1.270587965079797
2500,4.0,0.3048,71.3,0.00497773,123.775,-0.13997205803341134,-0.4533256328001047,1.7730673119211406,1.2812928680438007,-0.46083369100556615,-0.16125737635699644
4000,8.4,0.0508,31.7,0.00580776,118.106,0.31759321288290265,0.29796462466682133,-0.9365009799746172,-1.2582500058112756,-0.3971685080518363,-0.9820816498533271
2000,0.0,0.3048,55.5,0.00283081,126.616,-0.292493815005516,-1.1363167759518555,1.7730673119211406,0.2680409133238462,-0.6255073227863711,0.2500959065858622
250,9.9,0.1524,55.5,0.0208438,133.235,-0.8263199644078824,0.5540863033487279,0.1473263367836859,0.2680409133238462,0.7561298516455229,1.208472316229929
1000,17.4,0.0254,71.3,0.016104,125.816,-0.5975373289497253,1.8346946967582602,-1.207457809164193,1.2812928680438007,0.3925764449444539,0.1342625287772433
500,8.4,0.0508,31.7,0.00580776,122.966,-0.75005908592183,0.29796462466682133,-0.9365009799746172,-1.2582500058112756,-0.3971685080518363,-0.2783938796659645
12500,0.0,0.1016,55.5,0.00131983,119.91,2.910463081408682,-1.1363167759518555,-0.3945873215954658,0.2680409133238462,-0.7414029146799492,-0.7208773828948901
2500,5.4,0.1524,55.5,0.00433288,124.077,-0.13997205803341134,-0.2142787326969918,0.1473263367836859,0.2680409133238462,-0.5102951480947228,-0.11753027623424372
800,12.3,0.1016,31.7,0.0418756,120.037,-0.6585460317385673,0.9638809892397785,-0.3945873215954658,-1.2582500058112756,2.369316597722477,-0.7024888341677704
1600,9.9,0.1524,31.7,0.0252785,117.119,-0.4145112205831998,0.5540863033487279,0.1473263367836859,-1.2582500058112756,1.0962813965835438,-1.1249910797247105
1600,19.7,0.0508,39.6,0.036484,117.604,-0.4145112205831998,2.227414604070517,-0.9365009799746172,-0.751624028451298,1.9557686531742928,-1.054767094428235
1600,0.0,0.2286,71.3,0.00214345,129.134,-0.4145112205831998,-1.1363167759518555,0.960196824352413,1.2812928680438007,-0.6782293932598187,0.6146814632384898
4000,0.0,0.0254,55.5,0.00041229,133.223,0.31759321288290265,-1.1363167759518555,-1.207457809164193,0.2680409133238462,-0.8110132903745964,1.2067348155627995
800,12.6,0.1524,71.3,0.0483159,123.054,-0.6585460317385673,1.0151053249761597,0.1473263367836859,1.2812928680438007,2.8633022100219194,-0.2656522081070152
8000,0.0,0.1524,31.7,0.00209405,117.957,1.53776726865974,-1.1363167759518555,0.1473263367836859,-1.2582500058112756,-0.6820184852660284,-1.0036556164701826
250,9.5,0.0254,39.6,0.00449821,116.924,-0.8263199644078824,0.4857871890335528,-1.207457809164193,-0.751624028451298,-0.4976139622366933,-1.1532254655655605
2000,0.0,0.1524,55.5,0.00172668,129.673,-0.292493815005516,-1.1363167759518555,0.1473263367836859,0.2680409133238462,-0.7101965972158516,0.6927242015370494
250,11.2,0.0508,39.6,0.0150478,126.43,-0.8263199644078824,0.7760584248730468,-0.9365009799746172,-0.751624028451298,0.31156351018820483,0.22316464624535928
6300,0.0,0.0508,55.5,0.00076193,132.796,1.019193294954584,-1.1363167759518555,-0.9365009799746172,0.2680409133238462,-0.7841951096245727,1.144908750157446
3150,2.0,0.2286,71.3,0.00293031,126.116,0.058306226030324725,-0.7948212043759801,0.960196824352413,1.2812928680438007,-0.6178754471868191,0.17770004545547513
2500,0.0,0.3048,55.5,0.00283081,124.106,-0.13997205803341134,-1.1363167759518555,1.7730673119211406,0.2680409133238462,-0.6255073227863711,-0.1133313162886818
2000,3.3,0.1016,31.7,0.00251435,131.642,-0.292493815005516,-0.5728490828516611,-0.3945873215954658,-1.2582500058112756,-0.6497805223063129,0.9778191026685129
2500,0.0,0.1524,71.3,0.0015988,128.127,-0.13997205803341134,-1.1363167759518555,0.1473263367836859,1.2812928680438007,-0.7200052831622907,0.46887619892189353
500,17.4,0.0254,39.6,0.0172206,117.514,-0.75005908592183,1.8346946967582602,-1.207457809164193,-0.751624028451298,0.47822219664756654,-1.0677983494317054
1000,2.0,0.2286,39.6,0.00346574,129.147,-0.5975373289497253,-0.7948212043759801,0.960196824352413,-0.751624028451298,-0.5768067521891497,0.6165637556278806
1000,19.7,0.0508,39.6,0.036484,118.904,-0.5975373289497253,2.227414604070517,-0.9365009799746172,-0.751624028451298,1.9557686531742928,-0.866537855489229
1000,22.2,0.0254,71.3,0.0214178,134.247,-0.5975373289497253,2.6542840685403615,-1.207457809164193,1.2812928680438007,0.8001569530941947,1.3550015391578325
2500,5.3,0.2286,39.6,0.00614329,116.151,-0.13997205803341134,-0.23135351127578566,0.960196824352413,-0.751624028451298,-0.3714325962938698,-1.2651494668731404
4000,8.4,0.0508,71.3,0.00529514,126.926,0.31759321288290265,0.29796462466682133,-0.9365009799746172,1.2812928680438007,-0.43648762433165866,0.2949813404867026
3150,12.3,0.1016,55.5,0.0368233,116.914,0.058306226030324725,0.9638809892397785,-0.3945873215954658,0.2680409133238462,1.9817937324801016,-1.154673382788169
6300,4.0,0.2286,39.6,0.00473801,114.249,1.019193294954584,-0.4533256328001047,0.960196824352413,-0.751624028451298,-0.47922075853043644,-1.5405433226131333
2500,0.0,0.0508,31.7,0.000812164,134.87,-0.13997205803341134,-1.1363167759518555,-0.9365009799746172,-1.2582500058112756,-0.7803420479274079,1.4452067821262933
630,3.3,0.1016,31.7,0.00251435,128.952,-0.7104034291090828,-0.5728490828516611,-0.3945873215954658,-1.2582500058112756,-0.6497805223063129,0.5883293697870307
630,3.0,0.3048,39.6,0.00495741,129.292,-0.7104034291090828,-0.6240734185880423,1.7730673119211406,-0.751624028451298,-0.46239228107775604,0.6375585553556944
315,15.4,0.0508,71.3,0.0264269,126.195,-0.8064921360015088,1.4931991251823855,-0.9365009799746172,1.2812928680438007,1.1843662803878199,0.18913859151407536
2500,12.7,0.0254,71.3,0.0121808,134.058,-0.13997205803341134,1.0321801035549534,-1.207457809164193,1.2812928680438007,0.09165810974684334,1.327635903650543
400,8.9,0.1016,39.6,0.0124596,135.54,-0.780563437316251,0.3833385175607902,-0.3945873215954658,-0.751624028451298,0.1130427018790552,1.5422172360410102
1600,1.5,0.3048,39.6,0.00392107,122.211,-0.4145112205831998,-0.8801950972699489,1.7730673119211406,-0.751624028451298,-0.541881908804788,-0.38771162997284836
1600,15.6,0.1016,71.3,0.0437259,121.528,-0.4145112205831998,1.527348682339973,-0.3945873215954658,1.2812928680438007,2.5112388029672106,-0.48660437627695613
315,4.0,0.2286,39.6,0.00473801,122.229,-0.8064921360015088,-0.4533256328001047,0.960196824352413,-0.751624028451298,-0.47922075853043644,-0.38510537897215436
4000,22.2,0.0254,39.6,0.0229028,119.646,0.31759321288290265,2.6542840685403615,-1.207457809164193,-0.751624028451298,0.9140598200824828,-0.7591023975717339
12500,0.0,0.1524,71.3,0.0015988,117.087,2.910463081408682,-1.1363167759518555,0.1473263367836859,1.2812928680438007,-0.7200052831622907,-1.129624414837055
3150,3.0,0.3048,55.5,0.00452492,120.189,0.058306226030324725,-0.6240734185880423,1.7730673119211406,0.2680409133238462,-0.4955652446762508,-0.6804804923841347
500,4.8,0.0254,31.7,0.000930789,116.128,-0.75005908592183,-0.31672740416975453,-1.207457809164193,-1.2582500058112756,-0.771243241465128,-1.2684796764851378
5000,9.5,0.0254,39.6,0.00449821,125.044,0.622636726827112,0.4857871890335528,-1.207457809164193,-0.751624028451298,-0.4976139622366933,0.02248331919192477
250,12.7,0.0254,39.6,0.0130253,121.547,-0.8263199644078824,1.0321801035549534,-1.207457809164193,-0.751624028451298,0.15643317450886976,-0.4838533335540027
800,3.3,0.1016,71.3,0.00202822,131.074,-0.6585460317385673,-0.5728490828516611,-0.3945873215954658,1.2812928680438007,-0.6870677955245058,0.8955774044243956
630,11.2,0.0508,39.6,0.0150478,133.13,-0.7104034291090828,0.7760584248730468,-0.9365009799746172,-0.751624028451298,0.31156351018820483,1.193269185392545
315,12.3,0.1016,31.7,0.0418756,124.717,-0.8064921360015088,0.9638809892397785,-0.3945873215954658,-1.2582500058112756,2.369316597722477,-0.024863573987348137
5000,12.7,0.0254,71.3,0.0121808,128.978,0.622636726827112,1.0321801035549534,-1.207457809164193,1.2812928680438007,0.09165810974684334,0.5920939545658123
